severity,code,field,penginapan_id,name,message,recommended_action
MANUAL_REVIEW,POSSIBLE_DUPLICATE_NAME_COORD,"normalized_name,latitude,longitude",LODGE-00001,Paddies Homestay New - Deluxe Double Room,Nama normalized + koordinat rounded masih sama dengan baris lain.,"Review manual; jika benar properti sama, gabungkan atau pilih record kualitas terbaik."
MANUAL_REVIEW,POSSIBLE_DUPLICATE_NAME_COORD,"normalized_name,latitude,longitude",LODGE-00002,Paddies Homestay New - Family Room,Nama normalized + koordinat rounded masih sama dengan baris lain.,"Review manual; jika benar properti sama, gabungkan atau pilih record kualitas terbaik."
MANUAL_REVIEW,POSSIBLE_DUPLICATE_NAME_COORD,"normalized_name,latitude,longitude",LODGE-00003,Paddies Homestay New - Family Room,Nama normalized + koordinat rounded masih sama dengan baris lain.,"Review manual; jika benar properti sama, gabungkan atau pilih record kualitas terbaik."
MANUAL_REVIEW,POSSIBLE_DUPLICATE_NAME_COORD,"normalized_name,latitude,longitude",LODGE-00005,Villa wanacosta - Three-Bedroom Villa,Nama normalized + koordinat rounded masih sama dengan baris lain.,"Review manual; jika benar properti sama, gabungkan atau pilih record kualitas terbaik."
MANUAL_REVIEW,POSSIBLE_DUPLICATE_NAME_COORD,"normalized_name,latitude,longitude",LODGE-00007,Villa Soli Deo Gloria,Nama normalized + koordinat rounded masih sama dengan baris lain.,"Review manual; jika benar properti sama, gabungkan atau pilih record kualitas terbaik."
MANUAL_REVIEW,POSSIBLE_DUPLICATE_NAME_COORD,"normalized_name,latitude,longitude",LODGE-00009,Villa wanacosta - Three-Bedroom Villa,Nama normalized + koordinat rounded masih sama dengan baris lain.,"Review manual; jika benar properti sama, gabungkan atau pilih record kualitas terbaik."
MANUAL_REVIEW,POSSIBLE_DUPLICATE_NAME_COORD,"normalized_name,latitude,longitude",LODGE-00012,Villa Mang Oyan - Two-Bedroom Villa,Nama normalized + koordinat rounded masih sama dengan baris lain.,"Review manual; jika benar properti sama, gabungkan atau pilih record kualitas terbaik."
MANUAL_REVIEW,POSSIBLE_DUPLICATE_NAME_COORD,"normalized_name,latitude,longitude",LODGE-00015,Lavin Soka Homestay - Tent,Nama normalized + koordinat rounded masih sama dengan baris lain.,"Review manual; jika benar properti sama, gabungkan atau pilih record kualitas terbaik."
MANUAL_REVIEW,POSSIBLE_DUPLICATE_NAME_COORD,"normalized_name,latitude,longitude",LODGE-00016,Lavin Soka Homestay - Tent,Nama normalized + koordinat rounded masih sama dengan baris lain.,"Review manual; jika benar properti sama, gabungkan atau pilih record kualitas terbaik."
MANUAL_REVIEW,POSSIBLE_DUPLICATE_NAME_COORD,"normalized_name,latitude,longitude",LODGE-00019,Villa Mang Oyan - Two-Bedroom Villa,Nama normalized + koordinat rounded masih sama dengan baris lain.,"Review manual; jika benar properti sama, gabungkan atau pilih record kualitas terbaik."
MANUAL_REVIEW,POSSIBLE_DUPLICATE_NAME_COORD,"normalized_name,latitude,longitude",LODGE-00020,Villa Niscala 2 - Two-Bedroom Villa,Nama normalized + koordinat rounded masih sama dengan baris lain.,"Review manual; jika benar properti sama, gabungkan atau pilih record kualitas terbaik."
MANUAL_REVIEW,POSSIBLE_DUPLICATE_NAME_COORD,"normalized_name,latitude,longitude",LODGE-00025,Villa Niscala 2 - Two-Bedroom Villa,Nama normalized + koordinat rounded masih sama dengan baris lain.,"Review manual; jika benar properti sama, gabungkan atau pilih record kualitas terbaik."
MANUAL_REVIEW,POSSIBLE_DUPLICATE_NAME_COORD,"normalized_name,latitude,longitude",LODGE-00027,Villa Soli Deo Gloria,Nama normalized + koordinat rounded masih sama dengan baris lain.,"Review manual; jika benar properti sama, gabungkan atau pilih record kualitas terbaik."
MANUAL_REVIEW,POSSIBLE_DUPLICATE_NAME_COORD,"normalized_name,latitude,longitude",LODGE-00029,Calda Homestay Syariah - Deluxe Family Room,Nama normalized + koordinat rounded masih sama dengan baris lain.,"Review manual; jika benar properti sama, gabungkan atau pilih record kualitas terbaik."
MANUAL_REVIEW,POSSIBLE_DUPLICATE_NAME_COORD,"normalized_name,latitude,longitude",LODGE-00030,Calda Homestay Syariah - Superior Family Room,Nama normalized + koordinat rounded masih sama dengan baris lain.,"Review manual; jika benar properti sama, gabungkan atau pilih record kualitas terbaik."
MANUAL_REVIEW,POSSIBLE_DUPLICATE_NAME_COORD,"normalized_name,latitude,longitude",LODGE-00031,Clamitan House - Villa,Nama normalized + koordinat rounded masih sama dengan baris lain.,"Review manual; jika benar properti sama, gabungkan atau pilih record kualitas terbaik."
MANUAL_REVIEW,POSSIBLE_DUPLICATE_NAME_COORD,"normalized_name,latitude,longitude",LODGE-00034,High Livin Apartment Baros - One-Bedroom Apartment,Nama normalized + koordinat rounded masih sama dengan baris lain.,"Review manual; jika benar properti sama, gabungkan atau pilih record kualitas terbaik."
MANUAL_REVIEW,POSSIBLE_DUPLICATE_NAME_COORD,"normalized_name,latitude,longitude",LODGE-00035,High Livin Apartment Baros - Three-Bedroom Apartment,Nama normalized + koordinat rounded masih sama dengan baris lain.,"Review manual; jika benar properti sama, gabungkan atau pilih record kualitas terbaik."
MANUAL_REVIEW,POSSIBLE_DUPLICATE_NAME_COORD,"normalized_name,latitude,longitude",LODGE-00036,High Livin Apartment Baros - Two-Bedroom Apartment,Nama normalized + koordinat rounded masih sama dengan baris lain.,"Review manual; jika benar properti sama, gabungkan atau pilih record kualitas terbaik."
MANUAL_REVIEW,POSSIBLE_DUPLICATE_NAME_COORD,"normalized_name,latitude,longitude",LODGE-00040,Luxury Living At The Edge,Nama normalized + koordinat rounded masih sama dengan baris lain.,"Review manual; jika benar properti sama, gabungkan atau pilih record kualitas terbaik."
MANUAL_REVIEW,POSSIBLE_DUPLICATE_NAME_COORD,"normalized_name,latitude,longitude",LODGE-00041,Nabila Syar'i Guest House - Standard Double Room,Nama normalized + koordinat rounded masih sama dengan baris lain.,"Review manual; jika benar properti sama, gabungkan atau pilih record kualitas terbaik."
MANUAL_REVIEW,POSSIBLE_DUPLICATE_NAME_COORD,"normalized_name,latitude,longitude",LODGE-00051,Valle Verde Villas - Three-Bedroom Villa,Nama normalized + koordinat rounded masih sama dengan baris lain.,"Review manual; jika benar properti sama, gabungkan atau pilih record kualitas terbaik."
MANUAL_REVIEW,POSSIBLE_DUPLICATE_NAME_COORD,"normalized_name,latitude,longitude",LODGE-00052,Valle Verde Villas - Two-Bedroom Villa,Nama normalized + koordinat rounded masih sama dengan baris lain.,"Review manual; jika benar properti sama, gabungkan atau pilih record kualitas terbaik."
MANUAL_REVIEW,POSSIBLE_DUPLICATE_NAME_COORD,"normalized_name,latitude,longitude",LODGE-00053,Valore Hotel Cimahi,Nama normalized + koordinat rounded masih sama dengan baris lain.,"Review manual; jika benar properti sama, gabungkan atau pilih record kualitas terbaik."
MANUAL_REVIEW,POSSIBLE_DUPLICATE_NAME_COORD,"normalized_name,latitude,longitude",LODGE-00057,Clamitan House - Villa,Nama normalized + koordinat rounded masih sama dengan baris lain.,"Review manual; jika benar properti sama, gabungkan atau pilih record kualitas terbaik."
MANUAL_REVIEW,POSSIBLE_DUPLICATE_NAME_COORD,"normalized_name,latitude,longitude",LODGE-00070,OYO 3463 Cimahi Guest House,Nama normalized + koordinat rounded masih sama dengan baris lain.,"Review manual; jika benar properti sama, gabungkan atau pilih record kualitas terbaik."
MANUAL_REVIEW,POSSIBLE_DUPLICATE_NAME_COORD,"normalized_name,latitude,longitude",LODGE-00074,Valle Verde Villas - Two-Bedroom Villa,Nama normalized + koordinat rounded masih sama dengan baris lain.,"Review manual; jika benar properti sama, gabungkan atau pilih record kualitas terbaik."
MANUAL_REVIEW,POSSIBLE_DUPLICATE_NAME_COORD,"normalized_name,latitude,longitude",LODGE-00087,Budi House Food Station - Deluxe Twin Room,Nama normalized + koordinat rounded masih sama dengan baris lain.,"Review manual; jika benar properti sama, gabungkan atau pilih record kualitas terbaik."
MANUAL_REVIEW,POSSIBLE_DUPLICATE_NAME_COORD,"normalized_name,latitude,longitude",LODGE-00088,Budi House Food Station - Standard Double Room,Nama normalized + koordinat rounded masih sama dengan baris lain.,"Review manual; jika benar properti sama, gabungkan atau pilih record kualitas terbaik."
MANUAL_REVIEW,POSSIBLE_DUPLICATE_NAME_COORD,"normalized_name,latitude,longitude",LODGE-00095,Nabila Syar'i Guest House,Nama normalized + koordinat rounded masih sama dengan baris lain.,"Review manual; jika benar properti sama, gabungkan atau pilih record kualitas terbaik."
MANUAL_REVIEW,POSSIBLE_DUPLICATE_NAME_COORD,"normalized_name,latitude,longitude",LODGE-00096,Nabila Syar'i Guest House,Nama normalized + koordinat rounded masih sama dengan baris lain.,"Review manual; jika benar properti sama, gabungkan atau pilih record kualitas terbaik."
MANUAL_REVIEW,POSSIBLE_DUPLICATE_NAME_COORD,"normalized_name,latitude,longitude",LODGE-00101,Apartemen The Edge Baros - Kamarku,Nama normalized + koordinat rounded masih sama dengan baris lain.,"Review manual; jika benar properti sama, gabungkan atau pilih record kualitas terbaik."
MANUAL_REVIEW,POSSIBLE_DUPLICATE_NAME_COORD,"normalized_name,latitude,longitude",LODGE-00102,Lembur Kiwari Setra Duta RedPartner,Nama normalized + koordinat rounded masih sama dengan baris lain.,"Review manual; jika benar properti sama, gabungkan atau pilih record kualitas terbaik."
MANUAL_REVIEW,POSSIBLE_DUPLICATE_NAME_COORD,"normalized_name,latitude,longitude",LODGE-00108,"Imah Safina, Cozy Private Home Syariah in Padalarang - Three-Bedroom House",Nama normalized + koordinat rounded masih sama dengan baris lain.,"Review manual; jika benar properti sama, gabungkan atau pilih record kualitas terbaik."
MANUAL_REVIEW,POSSIBLE_DUPLICATE_NAME_COORD,"normalized_name,latitude,longitude",LODGE-00111,"Kyoto House - KBP with Onsen style pool, Warm water, Near Parahyangan Golf - Three-Bedroom House",Nama normalized + koordinat rounded masih sama dengan baris lain.,"Review manual; jika benar properti sama, gabungkan atau pilih record kualitas terbaik."
MANUAL_REVIEW,POSSIBLE_DUPLICATE_NAME_COORD,"normalized_name,latitude,longitude",LODGE-00115,Naomi Home Villa Bandung near Wahoo Whoosh - Three-Bedroom House,Nama normalized + koordinat rounded masih sama dengan baris lain.,"Review manual; jika benar properti sama, gabungkan atau pilih record kualitas terbaik."
MANUAL_REVIEW,POSSIBLE_DUPLICATE_NAME_COORD,"normalized_name,latitude,longitude",LODGE-00119,Rumah Kembar DI kawasan wisata lembang - Three-Bedroom Villa,Nama normalized + koordinat rounded masih sama dengan baris lain.,"Review manual; jika benar properti sama, gabungkan atau pilih record kualitas terbaik."
MANUAL_REVIEW,POSSIBLE_DUPLICATE_NAME_COORD,"normalized_name,latitude,longitude",LODGE-00120,Sans Stay Skyland Pasteur Bandung - Deluxe Double Room,Nama normalized + koordinat rounded masih sama dengan baris lain.,"Review manual; jika benar properti sama, gabungkan atau pilih record kualitas terbaik."
MANUAL_REVIEW,POSSIBLE_DUPLICATE_NAME_COORD,"normalized_name,latitude,longitude",LODGE-00121,Sans Stay Skyland Pasteur Bandung - Standard Double Room,Nama normalized + koordinat rounded masih sama dengan baris lain.,"Review manual; jika benar properti sama, gabungkan atau pilih record kualitas terbaik."
MANUAL_REVIEW,POSSIBLE_DUPLICATE_NAME_COORD,"normalized_name,latitude,longitude",LODGE-00127,The Edge By Orin - Deluxe Double Room,Nama normalized + koordinat rounded masih sama dengan baris lain.,"Review manual; jika benar properti sama, gabungkan atau pilih record kualitas terbaik."
MANUAL_REVIEW,POSSIBLE_DUPLICATE_NAME_COORD,"normalized_name,latitude,longitude",LODGE-00130,Villa Camp Forest by Little Bnb - Three-Bedroom Villa,Nama normalized + koordinat rounded masih sama dengan baris lain.,"Review manual; jika benar properti sama, gabungkan atau pilih record kualitas terbaik."
MANUAL_REVIEW,POSSIBLE_DUPLICATE_NAME_COORD,"normalized_name,latitude,longitude",LODGE-00138,OYO 2183 Cibeureum Residence,Nama normalized + koordinat rounded masih sama dengan baris lain.,"Review manual; jika benar properti sama, gabungkan atau pilih record kualitas terbaik."
MANUAL_REVIEW,POSSIBLE_DUPLICATE_NAME_COORD,"normalized_name,latitude,longitude",LODGE-00139,The Cluster Harris,Nama normalized + koordinat rounded masih sama dengan baris lain.,"Review manual; jika benar properti sama, gabungkan atau pilih record kualitas terbaik."
MANUAL_REVIEW,POSSIBLE_DUPLICATE_NAME_COORD,"normalized_name,latitude,longitude",LODGE-00150,Budi House Food Station - Superior Double Room,Nama normalized + koordinat rounded masih sama dengan baris lain.,"Review manual; jika benar properti sama, gabungkan atau pilih record kualitas terbaik."
MANUAL_REVIEW,POSSIBLE_DUPLICATE_NAME_COORD,"normalized_name,latitude,longitude",LODGE-00164,"Imah Safina, Cozy Private Home Syariah in Padalarang - Three-Bedroom House",Nama normalized + koordinat rounded masih sama dengan baris lain.,"Review manual; jika benar properti sama, gabungkan atau pilih record kualitas terbaik."
MANUAL_REVIEW,POSSIBLE_DUPLICATE_NAME_COORD,"normalized_name,latitude,longitude",LODGE-00165,"Kyoto House - KBP with Onsen style pool, Warm water, Near Parahyangan Golf - Three-Bedroom House",Nama normalized + koordinat rounded masih sama dengan baris lain.,"Review manual; jika benar properti sama, gabungkan atau pilih record kualitas terbaik."
MANUAL_REVIEW,POSSIBLE_DUPLICATE_NAME_COORD,"normalized_name,latitude,longitude",LODGE-00167,Naomi Home Villa Bandung near Wahoo Whoosh - Three-Bedroom House,Nama normalized + koordinat rounded masih sama dengan baris lain.,"Review manual; jika benar properti sama, gabungkan atau pilih record kualitas terbaik."
MANUAL_REVIEW,POSSIBLE_DUPLICATE_NAME_COORD,"normalized_name,latitude,longitude",LODGE-00174,Rumah Kembar DI kawasan wisata lembang - Three-Bedroom Villa,Nama normalized + koordinat rounded masih sama dengan baris lain.,"Review manual; jika benar properti sama, gabungkan atau pilih record kualitas terbaik."
MANUAL_REVIEW,POSSIBLE_DUPLICATE_NAME_COORD,"normalized_name,latitude,longitude",LODGE-00178,The Edge By Orin - Standard Double Room,Nama normalized + koordinat rounded masih sama dengan baris lain.,"Review manual; jika benar properti sama, gabungkan atau pilih record kualitas terbaik."
MANUAL_REVIEW,POSSIBLE_DUPLICATE_NAME_COORD,"normalized_name,latitude,longitude",LODGE-00179,The Edge by Lia - Two-Bedroom Apartment,Nama normalized + koordinat rounded masih sama dengan baris lain.,"Review manual; jika benar properti sama, gabungkan atau pilih record kualitas terbaik."
MANUAL_REVIEW,POSSIBLE_DUPLICATE_NAME_COORD,"normalized_name,latitude,longitude",LODGE-00182,Villa Camp Forest by Little Bnb - Three-Bedroom Villa,Nama normalized + koordinat rounded masih sama dengan baris lain.,"Review manual; jika benar properti sama, gabungkan atau pilih record kualitas terbaik."
MANUAL_REVIEW,POSSIBLE_DUPLICATE_NAME_COORD,"normalized_name,latitude,longitude",LODGE-00186,Villa Kyuri Lembang,Nama normalized + koordinat rounded masih sama dengan baris lain.,"Review manual; jika benar properti sama, gabungkan atau pilih record kualitas terbaik."
MANUAL_REVIEW,POSSIBLE_DUPLICATE_NAME_COORD,"normalized_name,latitude,longitude",LODGE-00223,Casa Indigo - KBP - Three-Bedroom House,Nama normalized + koordinat rounded masih sama dengan baris lain.,"Review manual; jika benar properti sama, gabungkan atau pilih record kualitas terbaik."
MANUAL_REVIEW,POSSIBLE_DUPLICATE_NAME_COORD,"normalized_name,latitude,longitude",LODGE-00224,Cozy Rooms at The Edge by Lia - One-Bedroom Apartment,Nama normalized + koordinat rounded masih sama dengan baris lain.,"Review manual; jika benar properti sama, gabungkan atau pilih record kualitas terbaik."
MANUAL_REVIEW,POSSIBLE_DUPLICATE_NAME_COORD,"normalized_name,latitude,longitude",LODGE-00225,Cozy Rooms at The Edge by Lia - Studio Apartment,Nama normalized + koordinat rounded masih sama dengan baris lain.,"Review manual; jika benar properti sama, gabungkan atau pilih record kualitas terbaik."
MANUAL_REVIEW,POSSIBLE_DUPLICATE_NAME_COORD,"normalized_name,latitude,longitude",LODGE-00226,Cozy Rooms at The Edge by Lia - Two-Bedroom Apartment,Nama normalized + koordinat rounded masih sama dengan baris lain.,"Review manual; jika benar properti sama, gabungkan atau pilih record kualitas terbaik."
MANUAL_REVIEW,POSSIBLE_DUPLICATE_NAME_COORD,"normalized_name,latitude,longitude",LODGE-00227,Cozy house @Tatar simakirana Kota baru Parahyangan - Three-Bedroom Villa,Nama normalized + koordinat rounded masih sama dengan baris lain.,"Review manual; jika benar properti sama, gabungkan atau pilih record kualitas terbaik."
MANUAL_REVIEW,POSSIBLE_DUPLICATE_NAME_COORD,"normalized_name,latitude,longitude",LODGE-00232,High Livin Apartment Baros - Studio Apartment,Nama normalized + koordinat rounded masih sama dengan baris lain.,"Review manual; jika benar properti sama, gabungkan atau pilih record kualitas terbaik."
MANUAL_REVIEW,POSSIBLE_DUPLICATE_NAME_COORD,"normalized_name,latitude,longitude",LODGE-00236,"Lioravilla15 KBP with private pool, very comfortable and cozy, near WHOOSH and WAHOO - Villa with Private Pool",Nama normalized + koordinat rounded masih sama dengan baris lain.,"Review manual; jika benar properti sama, gabungkan atau pilih record kualitas terbaik."
MANUAL_REVIEW,POSSIBLE_DUPLICATE_NAME_COORD,"normalized_name,latitude,longitude",LODGE-00237,Lioravilla21 Kota Baru Parahyangan - Villa with Private Pool,Nama normalized + koordinat rounded masih sama dengan baris lain.,"Review manual; jika benar properti sama, gabungkan atau pilih record kualitas terbaik."
MANUAL_REVIEW,POSSIBLE_DUPLICATE_NAME_COORD,"normalized_name,latitude,longitude",LODGE-00238,Little Blue House - Double Room,Nama normalized + koordinat rounded masih sama dengan baris lain.,"Review manual; jika benar properti sama, gabungkan atau pilih record kualitas terbaik."
MANUAL_REVIEW,POSSIBLE_DUPLICATE_NAME_COORD,"normalized_name,latitude,longitude",LODGE-00239,Little Blue House - Queen Room,Nama normalized + koordinat rounded masih sama dengan baris lain.,"Review manual; jika benar properti sama, gabungkan atau pilih record kualitas terbaik."
MANUAL_REVIEW,POSSIBLE_DUPLICATE_NAME_COORD,"normalized_name,latitude,longitude",LODGE-00248,Villa Adryan Pakuhaji Bandung - Villa,Nama normalized + koordinat rounded masih sama dengan baris lain.,"Review manual; jika benar properti sama, gabungkan atau pilih record kualitas terbaik."
MANUAL_REVIEW,POSSIBLE_DUPLICATE_NAME_COORD,"normalized_name,latitude,longitude",LODGE-00271,The Edge by Lia - One-Bedroom Apartment,Nama normalized + koordinat rounded masih sama dengan baris lain.,"Review manual; jika benar properti sama, gabungkan atau pilih record kualitas terbaik."
MANUAL_REVIEW,POSSIBLE_DUPLICATE_NAME_COORD,"normalized_name,latitude,longitude",LODGE-00285,Casa Indigo - KBP - Three-Bedroom House,Nama normalized + koordinat rounded masih sama dengan baris lain.,"Review manual; jika benar properti sama, gabungkan atau pilih record kualitas terbaik."
MANUAL_REVIEW,POSSIBLE_DUPLICATE_NAME_COORD,"normalized_name,latitude,longitude",LODGE-00287,Cozy house @Tatar simakirana Kota baru Parahyangan - Three-Bedroom Villa,Nama normalized + koordinat rounded masih sama dengan baris lain.,"Review manual; jika benar properti sama, gabungkan atau pilih record kualitas terbaik."
MANUAL_REVIEW,POSSIBLE_DUPLICATE_NAME_COORD,"normalized_name,latitude,longitude",LODGE-00302,"Lioravilla15 KBP with private pool, very comfortable and cozy, near WHOOSH and WAHOO - Villa with Private Pool",Nama normalized + koordinat rounded masih sama dengan baris lain.,"Review manual; jika benar properti sama, gabungkan atau pilih record kualitas terbaik."
MANUAL_REVIEW,POSSIBLE_DUPLICATE_NAME_COORD,"normalized_name,latitude,longitude",LODGE-00303,Lioravilla21 Kota Baru Parahyangan - Villa with Private Pool,Nama normalized + koordinat rounded masih sama dengan baris lain.,"Review manual; jika benar properti sama, gabungkan atau pilih record kualitas terbaik."
MANUAL_REVIEW,POSSIBLE_DUPLICATE_NAME_COORD,"normalized_name,latitude,longitude",LODGE-00326,Villa Adryan Pakuhaji Bandung - Villa,Nama normalized + koordinat rounded masih sama dengan baris lain.,"Review manual; jika benar properti sama, gabungkan atau pilih record kualitas terbaik."
MANUAL_REVIEW,POSSIBLE_DUPLICATE_NAME_COORD,"normalized_name,latitude,longitude",LODGE-00330,Villa Kyuri Lembang,Nama normalized + koordinat rounded masih sama dengan baris lain.,"Review manual; jika benar properti sama, gabungkan atau pilih record kualitas terbaik."
MANUAL_REVIEW,POSSIBLE_DUPLICATE_NAME_COORD,"normalized_name,latitude,longitude",LODGE-00335,West Castle @ 5 Minutes to KCIC Padalarang - Three-Bedroom House,Nama normalized + koordinat rounded masih sama dengan baris lain.,"Review manual; jika benar properti sama, gabungkan atau pilih record kualitas terbaik."
MANUAL_REVIEW,POSSIBLE_DUPLICATE_NAME_COORD,"normalized_name,latitude,longitude",LODGE-00350,Apartemen The Edge Baros - Kamarku,Nama normalized + koordinat rounded masih sama dengan baris lain.,"Review manual; jika benar properti sama, gabungkan atau pilih record kualitas terbaik."
MANUAL_REVIEW,POSSIBLE_DUPLICATE_NAME_COORD,"normalized_name,latitude,longitude",LODGE-00362,Lembur Kiwari Setra Duta RedPartner,Nama normalized + koordinat rounded masih sama dengan baris lain.,"Review manual; jika benar properti sama, gabungkan atau pilih record kualitas terbaik."
MANUAL_REVIEW,POSSIBLE_DUPLICATE_NAME_COORD,"normalized_name,latitude,longitude",LODGE-00365,Luxury Living At The Edge,Nama normalized + koordinat rounded masih sama dengan baris lain.,"Review manual; jika benar properti sama, gabungkan atau pilih record kualitas terbaik."
MANUAL_REVIEW,POSSIBLE_DUPLICATE_NAME_COORD,"normalized_name,latitude,longitude",LODGE-00369,Nabila Syar'i Guest House,Nama normalized + koordinat rounded masih sama dengan baris lain.,"Review manual; jika benar properti sama, gabungkan atau pilih record kualitas terbaik."
MANUAL_REVIEW,POSSIBLE_DUPLICATE_NAME_COORD,"normalized_name,latitude,longitude",LODGE-00370,OYO 2183 Cibeureum Residence,Nama normalized + koordinat rounded masih sama dengan baris lain.,"Review manual; jika benar properti sama, gabungkan atau pilih record kualitas terbaik."
MANUAL_REVIEW,POSSIBLE_DUPLICATE_NAME_COORD,"normalized_name,latitude,longitude",LODGE-00371,OYO 3463 Cimahi Guest House,Nama normalized + koordinat rounded masih sama dengan baris lain.,"Review manual; jika benar properti sama, gabungkan atau pilih record kualitas terbaik."
MANUAL_REVIEW,POSSIBLE_DUPLICATE_NAME_COORD,"normalized_name,latitude,longitude",LODGE-00382,The Cluster Harris,Nama normalized + koordinat rounded masih sama dengan baris lain.,"Review manual; jika benar properti sama, gabungkan atau pilih record kualitas terbaik."
MANUAL_REVIEW,POSSIBLE_DUPLICATE_NAME_COORD,"normalized_name,latitude,longitude",LODGE-00384,Valore Hotel Cimahi,Nama normalized + koordinat rounded masih sama dengan baris lain.,"Review manual; jika benar properti sama, gabungkan atau pilih record kualitas terbaik."
MANUAL_REVIEW,POSSIBLE_DUPLICATE_NAME_COORD,"normalized_name,latitude,longitude",LODGE-00389,West Castle @ 5 Minutes to KCIC Padalarang - Three-Bedroom House,Nama normalized + koordinat rounded masih sama dengan baris lain.,"Review manual; jika benar properti sama, gabungkan atau pilih record kualitas terbaik."
MANUAL_REVIEW,POSSIBLE_DUPLICATE_NAME_COORD,"normalized_name,latitude,longitude",LODGE-00411,Pakuhaji Highland Eco-Resort,Nama normalized + koordinat rounded masih sama dengan baris lain.,"Review manual; jika benar properti sama, gabungkan atau pilih record kualitas terbaik."
MANUAL_REVIEW,POSSIBLE_DUPLICATE_NAME_COORD,"normalized_name,latitude,longitude",LODGE-00431,Pakuhaji Highland Eco Resort,Nama normalized + koordinat rounded masih sama dengan baris lain.,"Review manual; jika benar properti sama, gabungkan atau pilih record kualitas terbaik."
MANUAL_REVIEW,POSSIBLE_DUPLICATE_NAME_COORD,"normalized_name,latitude,longitude",LODGE-00474,Nimo Tea Resort - Villa,Nama normalized + koordinat rounded masih sama dengan baris lain.,"Review manual; jika benar properti sama, gabungkan atau pilih record kualitas terbaik."
MANUAL_REVIEW,POSSIBLE_DUPLICATE_NAME_COORD,"normalized_name,latitude,longitude",LODGE-00477,Taman Wisata Bougenville by Kozystay,Nama normalized + koordinat rounded masih sama dengan baris lain.,"Review manual; jika benar properti sama, gabungkan atau pilih record kualitas terbaik."
MANUAL_REVIEW,POSSIBLE_DUPLICATE_NAME_COORD,"normalized_name,latitude,longitude",LODGE-00483,Taman Wisata Bougenville by Kozystay,Nama normalized + koordinat rounded masih sama dengan baris lain.,"Review manual; jika benar properti sama, gabungkan atau pilih record kualitas terbaik."
MANUAL_REVIEW,POSSIBLE_DUPLICATE_NAME_COORD,"normalized_name,latitude,longitude",LODGE-00486,Nimo Tea Resort - Standard Villa,Nama normalized + koordinat rounded masih sama dengan baris lain.,"Review manual; jika benar properti sama, gabungkan atau pilih record kualitas terbaik."
MANUAL_REVIEW,POSSIBLE_DUPLICATE_NAME_COORD,"normalized_name,latitude,longitude",LODGE-00488,Penginapan Barkah - Family Room,Nama normalized + koordinat rounded masih sama dengan baris lain.,"Review manual; jika benar properti sama, gabungkan atau pilih record kualitas terbaik."
MANUAL_REVIEW,POSSIBLE_DUPLICATE_NAME_COORD,"normalized_name,latitude,longitude",LODGE-00489,Penginapan Barkah - Family Room,Nama normalized + koordinat rounded masih sama dengan baris lain.,"Review manual; jika benar properti sama, gabungkan atau pilih record kualitas terbaik."
MANUAL_REVIEW,POSSIBLE_DUPLICATE_NAME_COORD,"normalized_name,latitude,longitude",LODGE-00490,Penginapan Barkah - Standard Family Room,Nama normalized + koordinat rounded masih sama dengan baris lain.,"Review manual; jika benar properti sama, gabungkan atau pilih record kualitas terbaik."
MANUAL_REVIEW,POSSIBLE_DUPLICATE_NAME_COORD,"normalized_name,latitude,longitude",LODGE-00500,Nimo Tea Resort - One-Bedroom Villa,Nama normalized + koordinat rounded masih sama dengan baris lain.,"Review manual; jika benar properti sama, gabungkan atau pilih record kualitas terbaik."
MANUAL_REVIEW,POSSIBLE_DUPLICATE_NAME_COORD,"normalized_name,latitude,longitude",LODGE-00501,Farmstay Manangel - Deluxe Bungalow with Garden View,Nama normalized + koordinat rounded masih sama dengan baris lain.,"Review manual; jika benar properti sama, gabungkan atau pilih record kualitas terbaik."
MANUAL_REVIEW,POSSIBLE_DUPLICATE_NAME_COORD,"normalized_name,latitude,longitude",LODGE-00505,Villa Penginapan Purnama - Standard Double Room,Nama normalized + koordinat rounded masih sama dengan baris lain.,"Review manual; jika benar properti sama, gabungkan atau pilih record kualitas terbaik."
MANUAL_REVIEW,POSSIBLE_DUPLICATE_NAME_COORD,"normalized_name,latitude,longitude",LODGE-00506,Villa Situ Citiwu Ciwidey - Vacation Home,Nama normalized + koordinat rounded masih sama dengan baris lain.,"Review manual; jika benar properti sama, gabungkan atau pilih record kualitas terbaik."
MANUAL_REVIEW,POSSIBLE_DUPLICATE_NAME_COORD,"normalized_name,latitude,longitude",LODGE-00508,Farmstay Manangel - Deluxe Bungalow with Garden View,Nama normalized + koordinat rounded masih sama dengan baris lain.,"Review manual; jika benar properti sama, gabungkan atau pilih record kualitas terbaik."
MANUAL_REVIEW,POSSIBLE_DUPLICATE_NAME_COORD,"normalized_name,latitude,longitude",LODGE-00510,Pondok Stevia Ciwidey - Deluxe Double Room,Nama normalized + koordinat rounded masih sama dengan baris lain.,"Review manual; jika benar properti sama, gabungkan atau pilih record kualitas terbaik."
MANUAL_REVIEW,POSSIBLE_DUPLICATE_NAME_COORD,"normalized_name,latitude,longitude",LODGE-00513,Villa Penginapan Purnama - Standard Double Room,Nama normalized + koordinat rounded masih sama dengan baris lain.,"Review manual; jika benar properti sama, gabungkan atau pilih record kualitas terbaik."
MANUAL_REVIEW,POSSIBLE_DUPLICATE_NAME_COORD,"normalized_name,latitude,longitude",LODGE-00515,Villa Situ Citiwu Ciwidey - Four-Bedroom Vacation Home,Nama normalized + koordinat rounded masih sama dengan baris lain.,"Review manual; jika benar properti sama, gabungkan atau pilih record kualitas terbaik."
MANUAL_REVIEW,POSSIBLE_DUPLICATE_NAME_COORD,"normalized_name,latitude,longitude",LODGE-00525,Aubrey Villa Ciwidey - Chalet,Nama normalized + koordinat rounded masih sama dengan baris lain.,"Review manual; jika benar properti sama, gabungkan atau pilih record kualitas terbaik."
MANUAL_REVIEW,POSSIBLE_DUPLICATE_NAME_COORD,"normalized_name,latitude,longitude",LODGE-00527,Ciwidey Jungle Villa - One-Bedroom Villa,Nama normalized + koordinat rounded masih sama dengan baris lain.,"Review manual; jika benar properti sama, gabungkan atau pilih record kualitas terbaik."
MANUAL_REVIEW,POSSIBLE_DUPLICATE_NAME_COORD,"normalized_name,latitude,longitude",LODGE-00528,Ciwidey Jungle Villa - One-Bedroom Villa,Nama normalized + koordinat rounded masih sama dengan baris lain.,"Review manual; jika benar properti sama, gabungkan atau pilih record kualitas terbaik."
MANUAL_REVIEW,POSSIBLE_DUPLICATE_NAME_COORD,"normalized_name,latitude,longitude",LODGE-00529,Ciwidey Jungle Villa - One-Bedroom Villa,Nama normalized + koordinat rounded masih sama dengan baris lain.,"Review manual; jika benar properti sama, gabungkan atau pilih record kualitas terbaik."
MANUAL_REVIEW,POSSIBLE_DUPLICATE_NAME_COORD,"normalized_name,latitude,longitude",LODGE-00530,Ciwidey Jungle Villa - One-Bedroom Villa,Nama normalized + koordinat rounded masih sama dengan baris lain.,"Review manual; jika benar properti sama, gabungkan atau pilih record kualitas terbaik."
MANUAL_REVIEW,POSSIBLE_DUPLICATE_NAME_COORD,"normalized_name,latitude,longitude",LODGE-00531,Ciwidey Jungle Villa - Two-Bedroom Villa,Nama normalized + koordinat rounded masih sama dengan baris lain.,"Review manual; jika benar properti sama, gabungkan atau pilih record kualitas terbaik."
MANUAL_REVIEW,POSSIBLE_DUPLICATE_NAME_COORD,"normalized_name,latitude,longitude",LODGE-00532,Ciwidey Jungle Villa - Villa with Garden View,Nama normalized + koordinat rounded masih sama dengan baris lain.,"Review manual; jika benar properti sama, gabungkan atau pilih record kualitas terbaik."
MANUAL_REVIEW,POSSIBLE_DUPLICATE_NAME_COORD,"normalized_name,latitude,longitude",LODGE-00537,Kuleum Camp And Cabin By ARBA,Nama normalized + koordinat rounded masih sama dengan baris lain.,"Review manual; jika benar properti sama, gabungkan atau pilih record kualitas terbaik."
MANUAL_REVIEW,POSSIBLE_DUPLICATE_NAME_COORD,"normalized_name,latitude,longitude",LODGE-00539,Princess Villa - Villa,Nama normalized + koordinat rounded masih sama dengan baris lain.,"Review manual; jika benar properti sama, gabungkan atau pilih record kualitas terbaik."
MANUAL_REVIEW,POSSIBLE_DUPLICATE_NAME_COORD,"normalized_name,latitude,longitude",LODGE-00540,Princess Villa - Villa,Nama normalized + koordinat rounded masih sama dengan baris lain.,"Review manual; jika benar properti sama, gabungkan atau pilih record kualitas terbaik."
MANUAL_REVIEW,POSSIBLE_DUPLICATE_NAME_COORD,"normalized_name,latitude,longitude",LODGE-00541,Regan Luxcamp by Digihub Hospitality,Nama normalized + koordinat rounded masih sama dengan baris lain.,"Review manual; jika benar properti sama, gabungkan atau pilih record kualitas terbaik."
MANUAL_REVIEW,POSSIBLE_DUPLICATE_NAME_COORD,"normalized_name,latitude,longitude",LODGE-00542,Suka Rasa Endah Cottage,Nama normalized + koordinat rounded masih sama dengan baris lain.,"Review manual; jika benar properti sama, gabungkan atau pilih record kualitas terbaik."
MANUAL_REVIEW,POSSIBLE_DUPLICATE_NAME_COORD,"normalized_name,latitude,longitude",LODGE-00544,Unit Gypsea Villa Deba Sugihmukti - Two-Bedroom Villa,Nama normalized + koordinat rounded masih sama dengan baris lain.,"Review manual; jika benar properti sama, gabungkan atau pilih record kualitas terbaik."
MANUAL_REVIEW,POSSIBLE_DUPLICATE_NAME_COORD,"normalized_name,latitude,longitude",LODGE-00546,Vila Kopi Ciwidey - Family Room with Garden View,Nama normalized + koordinat rounded masih sama dengan baris lain.,"Review manual; jika benar properti sama, gabungkan atau pilih record kualitas terbaik."
MANUAL_REVIEW,POSSIBLE_DUPLICATE_NAME_COORD,"normalized_name,latitude,longitude",LODGE-00548,Villa Bima Syandana Resort - Two-Bedroom Villa,Nama normalized + koordinat rounded masih sama dengan baris lain.,"Review manual; jika benar properti sama, gabungkan atau pilih record kualitas terbaik."
MANUAL_REVIEW,POSSIBLE_DUPLICATE_NAME_COORD,"normalized_name,latitude,longitude",LODGE-00550,Villa Penginapan Purnama - One-Bedroom Villa,Nama normalized + koordinat rounded masih sama dengan baris lain.,"Review manual; jika benar properti sama, gabungkan atau pilih record kualitas terbaik."
MANUAL_REVIEW,POSSIBLE_DUPLICATE_NAME_COORD,"normalized_name,latitude,longitude",LODGE-00551,Villa Penginapan Purnama - Two-Bedroom Villa,Nama normalized + koordinat rounded masih sama dengan baris lain.,"Review manual; jika benar properti sama, gabungkan atau pilih record kualitas terbaik."
MANUAL_REVIEW,POSSIBLE_DUPLICATE_NAME_COORD,"normalized_name,latitude,longitude",LODGE-00553,Villa Syariah Ciwidey Bandung Arreneuz View Kebun - Three-Bedroom Villa,Nama normalized + koordinat rounded masih sama dengan baris lain.,"Review manual; jika benar properti sama, gabungkan atau pilih record kualitas terbaik."
MANUAL_REVIEW,POSSIBLE_DUPLICATE_NAME_COORD,"normalized_name,latitude,longitude",LODGE-00554,Villa Tagar Hidayah - Three-Bedroom Villa,Nama normalized + koordinat rounded masih sama dengan baris lain.,"Review manual; jika benar properti sama, gabungkan atau pilih record kualitas terbaik."
MANUAL_REVIEW,POSSIBLE_DUPLICATE_NAME_COORD,"normalized_name,latitude,longitude",LODGE-00555,Villa Tagar Hidayah - Three-Bedroom Villa,Nama normalized + koordinat rounded masih sama dengan baris lain.,"Review manual; jika benar properti sama, gabungkan atau pilih record kualitas terbaik."
MANUAL_REVIEW,POSSIBLE_DUPLICATE_NAME_COORD,"normalized_name,latitude,longitude",LODGE-00558,Aubrey Villa Ciwidey - Chalet,Nama normalized + koordinat rounded masih sama dengan baris lain.,"Review manual; jika benar properti sama, gabungkan atau pilih record kualitas terbaik."
MANUAL_REVIEW,POSSIBLE_DUPLICATE_NAME_COORD,"normalized_name,latitude,longitude",LODGE-00559,Aubrey Villa Ciwidey - Chalet,Nama normalized + koordinat rounded masih sama dengan baris lain.,"Review manual; jika benar properti sama, gabungkan atau pilih record kualitas terbaik."
MANUAL_REVIEW,POSSIBLE_DUPLICATE_NAME_COORD,"normalized_name,latitude,longitude",LODGE-00575,Pondok Stevia Ciwidey - Deluxe Double Room,Nama normalized + koordinat rounded masih sama dengan baris lain.,"Review manual; jika benar properti sama, gabungkan atau pilih record kualitas terbaik."
MANUAL_REVIEW,POSSIBLE_DUPLICATE_NAME_COORD,"normalized_name,latitude,longitude",LODGE-00588,Shakilla House 6B Syariah Cigalumpit Cianjur,Nama normalized + koordinat rounded masih sama dengan baris lain.,"Review manual; jika benar properti sama, gabungkan atau pilih record kualitas terbaik."
MANUAL_REVIEW,POSSIBLE_DUPLICATE_NAME_COORD,"normalized_name,latitude,longitude",LODGE-00592,Unit Gypsea Villa Deba Sugihmukti - Two-Bedroom Villa,Nama normalized + koordinat rounded masih sama dengan baris lain.,"Review manual; jika benar properti sama, gabungkan atau pilih record kualitas terbaik."
MANUAL_REVIEW,POSSIBLE_DUPLICATE_NAME_COORD,"normalized_name,latitude,longitude",LODGE-00595,Vila Kopi Ciwidey - Double Room with Terrace,Nama normalized + koordinat rounded masih sama dengan baris lain.,"Review manual; jika benar properti sama, gabungkan atau pilih record kualitas terbaik."
MANUAL_REVIEW,POSSIBLE_DUPLICATE_NAME_COORD,"normalized_name,latitude,longitude",LODGE-00596,Vila Kopi Ciwidey - Family Room with Garden View,Nama normalized + koordinat rounded masih sama dengan baris lain.,"Review manual; jika benar properti sama, gabungkan atau pilih record kualitas terbaik."
MANUAL_REVIEW,POSSIBLE_DUPLICATE_NAME_COORD,"normalized_name,latitude,longitude",LODGE-00597,Vila Kopi Ciwidey - King Room with Garden View,Nama normalized + koordinat rounded masih sama dengan baris lain.,"Review manual; jika benar properti sama, gabungkan atau pilih record kualitas terbaik."
MANUAL_REVIEW,POSSIBLE_DUPLICATE_NAME_COORD,"normalized_name,latitude,longitude",LODGE-00598,Villa Bima Syandana Resort - Two-Bedroom Villa,Nama normalized + koordinat rounded masih sama dengan baris lain.,"Review manual; jika benar properti sama, gabungkan atau pilih record kualitas terbaik."
MANUAL_REVIEW,POSSIBLE_DUPLICATE_NAME_COORD,"normalized_name,latitude,longitude",LODGE-00608,Villa Syariah Ciwidey Bandung Arreneuz View Kebun - Three-Bedroom Villa,Nama normalized + koordinat rounded masih sama dengan baris lain.,"Review manual; jika benar properti sama, gabungkan atau pilih record kualitas terbaik."
MANUAL_REVIEW,POSSIBLE_DUPLICATE_NAME_COORD,"normalized_name,latitude,longitude",LODGE-00621,OZ Cabin by Farmstay Managel,Nama normalized + koordinat rounded masih sama dengan baris lain.,"Review manual; jika benar properti sama, gabungkan atau pilih record kualitas terbaik."
MANUAL_REVIEW,POSSIBLE_DUPLICATE_NAME_COORD,"normalized_name,latitude,longitude",LODGE-00626,Shine River Ciwidey,Nama normalized + koordinat rounded masih sama dengan baris lain.,"Review manual; jika benar properti sama, gabungkan atau pilih record kualitas terbaik."
MANUAL_REVIEW,POSSIBLE_DUPLICATE_NAME_COORD,"normalized_name,latitude,longitude",LODGE-00627,Vila Kopi Ciwidey,Nama normalized + koordinat rounded masih sama dengan baris lain.,"Review manual; jika benar properti sama, gabungkan atau pilih record kualitas terbaik."
MANUAL_REVIEW,POSSIBLE_DUPLICATE_NAME_COORD,"normalized_name,latitude,longitude",LODGE-00629,Villa Feridys,Nama normalized + koordinat rounded masih sama dengan baris lain.,"Review manual; jika benar properti sama, gabungkan atau pilih record kualitas terbaik."
MANUAL_REVIEW,POSSIBLE_DUPLICATE_NAME_COORD,"normalized_name,latitude,longitude",LODGE-00630,Villa Situ Patenggang BKSDA,Nama normalized + koordinat rounded masih sama dengan baris lain.,"Review manual; jika benar properti sama, gabungkan atau pilih record kualitas terbaik."
MANUAL_REVIEW,POSSIBLE_DUPLICATE_NAME_COORD,"normalized_name,latitude,longitude",LODGE-00636,Ciwidey Hills Wetland Deluxe 1 - One-Bedroom Villa,Nama normalized + koordinat rounded masih sama dengan baris lain.,"Review manual; jika benar properti sama, gabungkan atau pilih record kualitas terbaik."
MANUAL_REVIEW,POSSIBLE_DUPLICATE_NAME_COORD,"normalized_name,latitude,longitude",LODGE-00637,Ciwidey Hills Wetland Family 1 - One-Bedroom Villa,Nama normalized + koordinat rounded masih sama dengan baris lain.,"Review manual; jika benar properti sama, gabungkan atau pilih record kualitas terbaik."
MANUAL_REVIEW,POSSIBLE_DUPLICATE_NAME_COORD,"normalized_name,latitude,longitude",LODGE-00646,Riverside cabin - Two-Bedroom Villa,Nama normalized + koordinat rounded masih sama dengan baris lain.,"Review manual; jika benar properti sama, gabungkan atau pilih record kualitas terbaik."
MANUAL_REVIEW,POSSIBLE_DUPLICATE_NAME_COORD,"normalized_name,latitude,longitude",LODGE-00652,Villa Haposan - Villa,Nama normalized + koordinat rounded masih sama dengan baris lain.,"Review manual; jika benar properti sama, gabungkan atau pilih record kualitas terbaik."
MANUAL_REVIEW,POSSIBLE_DUPLICATE_NAME_COORD,"normalized_name,latitude,longitude",LODGE-00654,Villa Nadiviya - One-Bedroom Villa,Nama normalized + koordinat rounded masih sama dengan baris lain.,"Review manual; jika benar properti sama, gabungkan atau pilih record kualitas terbaik."
MANUAL_REVIEW,POSSIBLE_DUPLICATE_NAME_COORD,"normalized_name,latitude,longitude",LODGE-00655,Villa Nadiviya - One-Bedroom Villa,Nama normalized + koordinat rounded masih sama dengan baris lain.,"Review manual; jika benar properti sama, gabungkan atau pilih record kualitas terbaik."
MANUAL_REVIEW,POSSIBLE_DUPLICATE_NAME_COORD,"normalized_name,latitude,longitude",LODGE-00656,Villa Nadiviya - One-Bedroom Villa,Nama normalized + koordinat rounded masih sama dengan baris lain.,"Review manual; jika benar properti sama, gabungkan atau pilih record kualitas terbaik."
MANUAL_REVIEW,POSSIBLE_DUPLICATE_NAME_COORD,"normalized_name,latitude,longitude",LODGE-00657,Villa Nadiviya - Three-Bedroom Villa,Nama normalized + koordinat rounded masih sama dengan baris lain.,"Review manual; jika benar properti sama, gabungkan atau pilih record kualitas terbaik."
MANUAL_REVIEW,POSSIBLE_DUPLICATE_NAME_COORD,"normalized_name,latitude,longitude",LODGE-00658,Villa Nadiviya - Two-Bedroom Villa,Nama normalized + koordinat rounded masih sama dengan baris lain.,"Review manual; jika benar properti sama, gabungkan atau pilih record kualitas terbaik."
MANUAL_REVIEW,POSSIBLE_DUPLICATE_NAME_COORD,"normalized_name,latitude,longitude",LODGE-00659,Villa Sunda Ciwidey - Three-Bedroom House,Nama normalized + koordinat rounded masih sama dengan baris lain.,"Review manual; jika benar properti sama, gabungkan atau pilih record kualitas terbaik."
MANUAL_REVIEW,POSSIBLE_DUPLICATE_NAME_COORD,"normalized_name,latitude,longitude",LODGE-00681,Ciwidey Hills Wetland Deluxe 1 - One-Bedroom Villa,Nama normalized + koordinat rounded masih sama dengan baris lain.,"Review manual; jika benar properti sama, gabungkan atau pilih record kualitas terbaik."
MANUAL_REVIEW,POSSIBLE_DUPLICATE_NAME_COORD,"normalized_name,latitude,longitude",LODGE-00682,Ciwidey Hills Wetland Family 1 - One-Bedroom Villa,Nama normalized + koordinat rounded masih sama dengan baris lain.,"Review manual; jika benar properti sama, gabungkan atau pilih record kualitas terbaik."
MANUAL_REVIEW,POSSIBLE_DUPLICATE_NAME_COORD,"normalized_name,latitude,longitude",LODGE-00688,Deluxe Cabin with Lake/Mountain View in Ciwidey,Nama normalized + koordinat rounded masih sama dengan baris lain.,"Review manual; jika benar properti sama, gabungkan atau pilih record kualitas terbaik."
MANUAL_REVIEW,POSSIBLE_DUPLICATE_NAME_COORD,"normalized_name,latitude,longitude",LODGE-00689,Desaku Indah Home-Stay,Nama normalized + koordinat rounded masih sama dengan baris lain.,"Review manual; jika benar properti sama, gabungkan atau pilih record kualitas terbaik."
MANUAL_REVIEW,POSSIBLE_DUPLICATE_NAME_COORD,"normalized_name,latitude,longitude",LODGE-00690,Desaku Indah Home-Stay,Nama normalized + koordinat rounded masih sama dengan baris lain.,"Review manual; jika benar properti sama, gabungkan atau pilih record kualitas terbaik."
MANUAL_REVIEW,POSSIBLE_DUPLICATE_NAME_COORD,"normalized_name,latitude,longitude",LODGE-00691,Family Cabin with Lake/Mountain View in Ciwidey,Nama normalized + koordinat rounded masih sama dengan baris lain.,"Review manual; jika benar properti sama, gabungkan atau pilih record kualitas terbaik."
MANUAL_REVIEW,POSSIBLE_DUPLICATE_NAME_COORD,"normalized_name,latitude,longitude",LODGE-00713,Riverside cabin - Two-Bedroom Villa,Nama normalized + koordinat rounded masih sama dengan baris lain.,"Review manual; jika benar properti sama, gabungkan atau pilih record kualitas terbaik."
MANUAL_REVIEW,POSSIBLE_DUPLICATE_NAME_COORD,"normalized_name,latitude,longitude",LODGE-00717,Shakilla House 6A Syariah Cigalumpit Cianjur,Nama normalized + koordinat rounded masih sama dengan baris lain.,"Review manual; jika benar properti sama, gabungkan atau pilih record kualitas terbaik."
MANUAL_REVIEW,POSSIBLE_DUPLICATE_NAME_COORD,"normalized_name,latitude,longitude",LODGE-00718,Shakilla House 6A Syariah Cigalumpit Cianjur,Nama normalized + koordinat rounded masih sama dengan baris lain.,"Review manual; jika benar properti sama, gabungkan atau pilih record kualitas terbaik."
MANUAL_REVIEW,POSSIBLE_DUPLICATE_NAME_COORD,"normalized_name,latitude,longitude",LODGE-00720,Shakilla House 6B Syariah Cigalumpit Cianjur,Nama normalized + koordinat rounded masih sama dengan baris lain.,"Review manual; jika benar properti sama, gabungkan atau pilih record kualitas terbaik."
MANUAL_REVIEW,POSSIBLE_DUPLICATE_NAME_COORD,"normalized_name,latitude,longitude",LODGE-00726,Suka Rasa Endah Cottage,Nama normalized + koordinat rounded masih sama dengan baris lain.,"Review manual; jika benar properti sama, gabungkan atau pilih record kualitas terbaik."
MANUAL_REVIEW,POSSIBLE_DUPLICATE_NAME_COORD,"normalized_name,latitude,longitude",LODGE-00743,Villa Haposan - Villa,Nama normalized + koordinat rounded masih sama dengan baris lain.,"Review manual; jika benar properti sama, gabungkan atau pilih record kualitas terbaik."
MANUAL_REVIEW,POSSIBLE_DUPLICATE_NAME_COORD,"normalized_name,latitude,longitude",LODGE-00748,Villa Sunda Ciwidey - Three-Bedroom House,Nama normalized + koordinat rounded masih sama dengan baris lain.,"Review manual; jika benar properti sama, gabungkan atau pilih record kualitas terbaik."
MANUAL_REVIEW,POSSIBLE_DUPLICATE_NAME_COORD,"normalized_name,latitude,longitude",LODGE-00756,Villa puncak bogor at kota bunga with pool privat,Nama normalized + koordinat rounded masih sama dengan baris lain.,"Review manual; jika benar properti sama, gabungkan atau pilih record kualitas terbaik."
MANUAL_REVIEW,POSSIBLE_DUPLICATE_NAME_COORD,"normalized_name,latitude,longitude",LODGE-00757,Villa puncak bogor at kota bunga with pool privat,Nama normalized + koordinat rounded masih sama dengan baris lain.,"Review manual; jika benar properti sama, gabungkan atau pilih record kualitas terbaik."
MANUAL_REVIEW,POSSIBLE_DUPLICATE_NAME_COORD,"normalized_name,latitude,longitude",LODGE-00758,Wulandari Camp Riverside - Tent,Nama normalized + koordinat rounded masih sama dengan baris lain.,"Review manual; jika benar properti sama, gabungkan atau pilih record kualitas terbaik."
MANUAL_REVIEW,POSSIBLE_DUPLICATE_NAME_COORD,"normalized_name,latitude,longitude",LODGE-00759,Wulandari Riverside - Tent,Nama normalized + koordinat rounded masih sama dengan baris lain.,"Review manual; jika benar properti sama, gabungkan atau pilih record kualitas terbaik."
MANUAL_REVIEW,POSSIBLE_DUPLICATE_NAME_COORD,"normalized_name,latitude,longitude",LODGE-00790,Wulandari Camp Riverside - Tent,Nama normalized + koordinat rounded masih sama dengan baris lain.,"Review manual; jika benar properti sama, gabungkan atau pilih record kualitas terbaik."
MANUAL_REVIEW,POSSIBLE_DUPLICATE_NAME_COORD,"normalized_name,latitude,longitude",LODGE-00791,Wulandari Riverside - Tent,Nama normalized + koordinat rounded masih sama dengan baris lain.,"Review manual; jika benar properti sama, gabungkan atau pilih record kualitas terbaik."
MANUAL_REVIEW,POSSIBLE_DUPLICATE_NAME_COORD,"normalized_name,latitude,longitude",LODGE-00796,Kuleum Camp And Cabin By ARBA,Nama normalized + koordinat rounded masih sama dengan baris lain.,"Review manual; jika benar properti sama, gabungkan atau pilih record kualitas terbaik."
MANUAL_REVIEW,POSSIBLE_DUPLICATE_NAME_COORD,"normalized_name,latitude,longitude",LODGE-00797,OZ Cabin by Farmstay Managel,Nama normalized + koordinat rounded masih sama dengan baris lain.,"Review manual; jika benar properti sama, gabungkan atau pilih record kualitas terbaik."
MANUAL_REVIEW,POSSIBLE_DUPLICATE_NAME_COORD,"normalized_name,latitude,longitude",LODGE-00799,Regan Luxcamp by Digihub Hospitality,Nama normalized + koordinat rounded masih sama dengan baris lain.,"Review manual; jika benar properti sama, gabungkan atau pilih record kualitas terbaik."
MANUAL_REVIEW,POSSIBLE_DUPLICATE_NAME_COORD,"normalized_name,latitude,longitude",LODGE-00801,Shine River Ciwidey,Nama normalized + koordinat rounded masih sama dengan baris lain.,"Review manual; jika benar properti sama, gabungkan atau pilih record kualitas terbaik."
MANUAL_REVIEW,POSSIBLE_DUPLICATE_NAME_COORD,"normalized_name,latitude,longitude",LODGE-00805,Villa Situ Patenggang BKSDA,Nama normalized + koordinat rounded masih sama dengan baris lain.,"Review manual; jika benar properti sama, gabungkan atau pilih record kualitas terbaik."
MANUAL_REVIEW,POSSIBLE_DUPLICATE_NAME_COORD,"normalized_name,latitude,longitude",LODGE-00812,Villa Feridys,Nama normalized + koordinat rounded masih sama dengan baris lain.,"Review manual; jika benar properti sama, gabungkan atau pilih record kualitas terbaik."
MANUAL_REVIEW,POSSIBLE_DUPLICATE_NAME_COORD,"normalized_name,latitude,longitude",LODGE-00817,Villa Situ Patenggang Bksda,Nama normalized + koordinat rounded masih sama dengan baris lain.,"Review manual; jika benar properti sama, gabungkan atau pilih record kualitas terbaik."
MANUAL_REVIEW,POSSIBLE_DUPLICATE_NAME_COORD,"normalized_name,latitude,longitude",LODGE-00834,Villa Lembang Bunda - Deluxe Triple Room,Nama normalized + koordinat rounded masih sama dengan baris lain.,"Review manual; jika benar properti sama, gabungkan atau pilih record kualitas terbaik."
MANUAL_REVIEW,POSSIBLE_DUPLICATE_NAME_COORD,"normalized_name,latitude,longitude",LODGE-00835,Villa Lembang Bunda - Standard Single Room,Nama normalized + koordinat rounded masih sama dengan baris lain.,"Review manual; jika benar properti sama, gabungkan atau pilih record kualitas terbaik."
MANUAL_REVIEW,POSSIBLE_DUPLICATE_NAME_COORD,"normalized_name,latitude,longitude",LODGE-00845,Villa Refa-1 Cihanjawar - One-Bedroom Villa,Nama normalized + koordinat rounded masih sama dengan baris lain.,"Review manual; jika benar properti sama, gabungkan atau pilih record kualitas terbaik."
MANUAL_REVIEW,POSSIBLE_DUPLICATE_NAME_COORD,"normalized_name,latitude,longitude",LODGE-00847,Villa Refa-1 Cihanjawar - One-Bedroom Villa,Nama normalized + koordinat rounded masih sama dengan baris lain.,"Review manual; jika benar properti sama, gabungkan atau pilih record kualitas terbaik."
MANUAL_REVIEW,POSSIBLE_DUPLICATE_NAME_COORD,"normalized_name,latitude,longitude",LODGE-00853,ARTOTEL Suites Aquila Bandung,Nama normalized + koordinat rounded masih sama dengan baris lain.,"Review manual; jika benar properti sama, gabungkan atau pilih record kualitas terbaik."
MANUAL_REVIEW,POSSIBLE_DUPLICATE_NAME_COORD,"normalized_name,latitude,longitude",LODGE-00874,Bantal Guling Trans - Standard Family Room,Nama normalized + koordinat rounded masih sama dengan baris lain.,"Review manual; jika benar properti sama, gabungkan atau pilih record kualitas terbaik."
MANUAL_REVIEW,POSSIBLE_DUPLICATE_NAME_COORD,"normalized_name,latitude,longitude",LODGE-00875,Bantal Guling Trans - Superior Family Room,Nama normalized + koordinat rounded masih sama dengan baris lain.,"Review manual; jika benar properti sama, gabungkan atau pilih record kualitas terbaik."
MANUAL_REVIEW,POSSIBLE_DUPLICATE_NAME_COORD,"normalized_name,latitude,longitude",LODGE-00896,Cozy Room @ Hallo Tidur by Tio,Nama normalized + koordinat rounded masih sama dengan baris lain.,"Review manual; jika benar properti sama, gabungkan atau pilih record kualitas terbaik."
MANUAL_REVIEW,POSSIBLE_DUPLICATE_NAME_COORD,"normalized_name,latitude,longitude",LODGE-00905,G10 Guest House Near Asia Afrika Bandung,Nama normalized + koordinat rounded masih sama dengan baris lain.,"Review manual; jika benar properti sama, gabungkan atau pilih record kualitas terbaik."
MANUAL_REVIEW,POSSIBLE_DUPLICATE_NAME_COORD,"normalized_name,latitude,longitude",LODGE-00922,HARRIS Hotel & Conventions Festival Citylink Bandung,Nama normalized + koordinat rounded masih sama dengan baris lain.,"Review manual; jika benar properti sama, gabungkan atau pilih record kualitas terbaik."
MANUAL_REVIEW,POSSIBLE_DUPLICATE_NAME_COORD,"normalized_name,latitude,longitude",LODGE-00926,Holiday Inn Bandung Pasteur,Nama normalized + koordinat rounded masih sama dengan baris lain.,"Review manual; jika benar properti sama, gabungkan atau pilih record kualitas terbaik."
MANUAL_REVIEW,POSSIBLE_DUPLICATE_NAME_COORD,"normalized_name,latitude,longitude",LODGE-00938,Hotel Santika Pasir Koja,Nama normalized + koordinat rounded masih sama dengan baris lain.,"Review manual; jika benar properti sama, gabungkan atau pilih record kualitas terbaik."
MANUAL_REVIEW,POSSIBLE_DUPLICATE_NAME_COORD,"normalized_name,latitude,longitude",LODGE-00953,Little Mykonos - Deluxe Queen Room,Nama normalized + koordinat rounded masih sama dengan baris lain.,"Review manual; jika benar properti sama, gabungkan atau pilih record kualitas terbaik."
MANUAL_REVIEW,POSSIBLE_DUPLICATE_NAME_COORD,"normalized_name,latitude,longitude",LODGE-00962,Moment Villa - Deluxe Villa,Nama normalized + koordinat rounded masih sama dengan baris lain.,"Review manual; jika benar properti sama, gabungkan atau pilih record kualitas terbaik."
MANUAL_REVIEW,POSSIBLE_DUPLICATE_NAME_COORD,"normalized_name,latitude,longitude",LODGE-00963,Moment Villa - Three-Bedroom Villa,Nama normalized + koordinat rounded masih sama dengan baris lain.,"Review manual; jika benar properti sama, gabungkan atau pilih record kualitas terbaik."
MANUAL_REVIEW,POSSIBLE_DUPLICATE_NAME_COORD,"normalized_name,latitude,longitude",LODGE-00965,No303 - Economy Double Room,Nama normalized + koordinat rounded masih sama dengan baris lain.,"Review manual; jika benar properti sama, gabungkan atau pilih record kualitas terbaik."
MANUAL_REVIEW,POSSIBLE_DUPLICATE_NAME_COORD,"normalized_name,latitude,longitude",LODGE-00971,Over Easy Glamping Site - Family Room,Nama normalized + koordinat rounded masih sama dengan baris lain.,"Review manual; jika benar properti sama, gabungkan atau pilih record kualitas terbaik."
MANUAL_REVIEW,POSSIBLE_DUPLICATE_NAME_COORD,"normalized_name,latitude,longitude",LODGE-00972,Over Easy Glamping Site - Queen Room,Nama normalized + koordinat rounded masih sama dengan baris lain.,"Review manual; jika benar properti sama, gabungkan atau pilih record kualitas terbaik."
MANUAL_REVIEW,POSSIBLE_DUPLICATE_NAME_COORD,"normalized_name,latitude,longitude",LODGE-01023,Ronia Mountain Villa Lembang - Family Room with Garden View,Nama normalized + koordinat rounded masih sama dengan baris lain.,"Review manual; jika benar properti sama, gabungkan atau pilih record kualitas terbaik."
MANUAL_REVIEW,POSSIBLE_DUPLICATE_NAME_COORD,"normalized_name,latitude,longitude",LODGE-01043,Summer Hills Hotel & Villas Bandung,Nama normalized + koordinat rounded masih sama dengan baris lain.,"Review manual; jika benar properti sama, gabungkan atau pilih record kualitas terbaik."
MANUAL_REVIEW,POSSIBLE_DUPLICATE_NAME_COORD,"normalized_name,latitude,longitude",LODGE-01057,The Suites Metro Apartment - King Property,Nama normalized + koordinat rounded masih sama dengan baris lain.,"Review manual; jika benar properti sama, gabungkan atau pilih record kualitas terbaik."
MANUAL_REVIEW,POSSIBLE_DUPLICATE_NAME_COORD,"normalized_name,latitude,longitude",LODGE-01058,The Trans Luxury Hotel,Nama normalized + koordinat rounded masih sama dengan baris lain.,"Review manual; jika benar properti sama, gabungkan atau pilih record kualitas terbaik."
MANUAL_REVIEW,POSSIBLE_DUPLICATE_NAME_COORD,"normalized_name,latitude,longitude",LODGE-01061,Tulip Guest House - Deluxe Double Room,Nama normalized + koordinat rounded masih sama dengan baris lain.,"Review manual; jika benar properti sama, gabungkan atau pilih record kualitas terbaik."
MANUAL_REVIEW,POSSIBLE_DUPLICATE_NAME_COORD,"normalized_name,latitude,longitude",LODGE-01062,Tulip Guest House - Superior Twin Room,Nama normalized + koordinat rounded masih sama dengan baris lain.,"Review manual; jika benar properti sama, gabungkan atau pilih record kualitas terbaik."
MANUAL_REVIEW,POSSIBLE_DUPLICATE_NAME_COORD,"normalized_name,latitude,longitude",LODGE-01091,de Java Hotel,Nama normalized + koordinat rounded masih sama dengan baris lain.,"Review manual; jika benar properti sama, gabungkan atau pilih record kualitas terbaik."
MANUAL_REVIEW,POSSIBLE_DUPLICATE_NAME_COORD,"normalized_name,latitude,longitude",LODGE-01113,Bantal Guling Trans - Family Triple Room,Nama normalized + koordinat rounded masih sama dengan baris lain.,"Review manual; jika benar properti sama, gabungkan atau pilih record kualitas terbaik."
MANUAL_REVIEW,POSSIBLE_DUPLICATE_NAME_COORD,"normalized_name,latitude,longitude",LODGE-01126,G10 Guest House Near Asia Afrika Bandung - Deluxe Single Room,Nama normalized + koordinat rounded masih sama dengan baris lain.,"Review manual; jika benar properti sama, gabungkan atau pilih record kualitas terbaik."
MANUAL_REVIEW,POSSIBLE_DUPLICATE_NAME_COORD,"normalized_name,latitude,longitude",LODGE-01148,Little Mykonos - Standard Queen Room,Nama normalized + koordinat rounded masih sama dengan baris lain.,"Review manual; jika benar properti sama, gabungkan atau pilih record kualitas terbaik."
MANUAL_REVIEW,POSSIBLE_DUPLICATE_NAME_COORD,"normalized_name,latitude,longitude",LODGE-01152,Moment Villa - Villa with Private Pool,Nama normalized + koordinat rounded masih sama dengan baris lain.,"Review manual; jika benar properti sama, gabungkan atau pilih record kualitas terbaik."
MANUAL_REVIEW,POSSIBLE_DUPLICATE_NAME_COORD,"normalized_name,latitude,longitude",LODGE-01153,Moment Villa - Villa with Private Pool,Nama normalized + koordinat rounded masih sama dengan baris lain.,"Review manual; jika benar properti sama, gabungkan atau pilih record kualitas terbaik."
MANUAL_REVIEW,POSSIBLE_DUPLICATE_NAME_COORD,"normalized_name,latitude,longitude",LODGE-01156,No303 - Economy Double Room,Nama normalized + koordinat rounded masih sama dengan baris lain.,"Review manual; jika benar properti sama, gabungkan atau pilih record kualitas terbaik."
MANUAL_REVIEW,POSSIBLE_DUPLICATE_NAME_COORD,"normalized_name,latitude,longitude",LODGE-01161,Over Easy Glamping Site - Family Room,Nama normalized + koordinat rounded masih sama dengan baris lain.,"Review manual; jika benar properti sama, gabungkan atau pilih record kualitas terbaik."
MANUAL_REVIEW,POSSIBLE_DUPLICATE_NAME_COORD,"normalized_name,latitude,longitude",LODGE-01163,Platinum Dago Resort villa 15px Private Pool Bandung - Villa,Nama normalized + koordinat rounded masih sama dengan baris lain.,"Review manual; jika benar properti sama, gabungkan atau pilih record kualitas terbaik."
MANUAL_REVIEW,POSSIBLE_DUPLICATE_NAME_COORD,"normalized_name,latitude,longitude",LODGE-01164,Platinum Dago Resort villa 15px Private Pool Bandung - Villa,Nama normalized + koordinat rounded masih sama dengan baris lain.,"Review manual; jika benar properti sama, gabungkan atau pilih record kualitas terbaik."
MANUAL_REVIEW,POSSIBLE_DUPLICATE_NAME_COORD,"normalized_name,latitude,longitude",LODGE-01178,Rehat at Villa Golf Island Dago Resort II,Nama normalized + koordinat rounded masih sama dengan baris lain.,"Review manual; jika benar properti sama, gabungkan atau pilih record kualitas terbaik."
MANUAL_REVIEW,POSSIBLE_DUPLICATE_NAME_COORD,"normalized_name,latitude,longitude",LODGE-01189,Tabgha by Kozystay - Dago,Nama normalized + koordinat rounded masih sama dengan baris lain.,"Review manual; jika benar properti sama, gabungkan atau pilih record kualitas terbaik."
MANUAL_REVIEW,POSSIBLE_DUPLICATE_NAME_COORD,"normalized_name,latitude,longitude",LODGE-01196,The Suites Metro Apartment by Desta Farispro,Nama normalized + koordinat rounded masih sama dengan baris lain.,"Review manual; jika benar properti sama, gabungkan atau pilih record kualitas terbaik."
MANUAL_REVIEW,POSSIBLE_DUPLICATE_NAME_COORD,"normalized_name,latitude,longitude",LODGE-01202,"Vila Keluarga Syariah Mawar 82, Dago Resort 4BR dengan Privat Pool BBQ dan Rooftop - Villa with Private Pool",Nama normalized + koordinat rounded masih sama dengan baris lain.,"Review manual; jika benar properti sama, gabungkan atau pilih record kualitas terbaik."
MANUAL_REVIEW,POSSIBLE_DUPLICATE_NAME_COORD,"normalized_name,latitude,longitude",LODGE-01208,Zodiak Sutami Hotel Bandung,Nama normalized + koordinat rounded masih sama dengan baris lain.,"Review manual; jika benar properti sama, gabungkan atau pilih record kualitas terbaik."
MANUAL_REVIEW,POSSIBLE_DUPLICATE_NAME_COORD,"normalized_name,latitude,longitude",LODGE-01241,Cozy Room @ Hallo Tidur by Tio,Nama normalized + koordinat rounded masih sama dengan baris lain.,"Review manual; jika benar properti sama, gabungkan atau pilih record kualitas terbaik."
MANUAL_REVIEW,POSSIBLE_DUPLICATE_NAME_COORD,"normalized_name,latitude,longitude",LODGE-01252,Grand Sovia Hotel,Nama normalized + koordinat rounded masih sama dengan baris lain.,"Review manual; jika benar properti sama, gabungkan atau pilih record kualitas terbaik."
MANUAL_REVIEW,POSSIBLE_DUPLICATE_NAME_COORD,"normalized_name,latitude,longitude",LODGE-01311,Rehat at Villa Golf Island Dago Resort II,Nama normalized + koordinat rounded masih sama dengan baris lain.,"Review manual; jika benar properti sama, gabungkan atau pilih record kualitas terbaik."
MANUAL_REVIEW,POSSIBLE_DUPLICATE_NAME_COORD,"normalized_name,latitude,longitude",LODGE-01312,Ronia Mountain Villa Lembang - Double Room with Garden View,Nama normalized + koordinat rounded masih sama dengan baris lain.,"Review manual; jika benar properti sama, gabungkan atau pilih record kualitas terbaik."
MANUAL_REVIEW,POSSIBLE_DUPLICATE_NAME_COORD,"normalized_name,latitude,longitude",LODGE-01320,Sunrise City View Villa 9 Bedrooms With a Private Swimming Pool and a Billiard Table,Nama normalized + koordinat rounded masih sama dengan baris lain.,"Review manual; jika benar properti sama, gabungkan atau pilih record kualitas terbaik."
MANUAL_REVIEW,POSSIBLE_DUPLICATE_NAME_COORD,"normalized_name,latitude,longitude",LODGE-01323,The Suites Metro Apartment - King Property,Nama normalized + koordinat rounded masih sama dengan baris lain.,"Review manual; jika benar properti sama, gabungkan atau pilih record kualitas terbaik."
MANUAL_REVIEW,POSSIBLE_DUPLICATE_NAME_COORD,"normalized_name,latitude,longitude",LODGE-01326,The suites Metro Apartment by Desta Farispro,Nama normalized + koordinat rounded masih sama dengan baris lain.,"Review manual; jika benar properti sama, gabungkan atau pilih record kualitas terbaik."
MANUAL_REVIEW,POSSIBLE_DUPLICATE_NAME_COORD,"normalized_name,latitude,longitude",LODGE-01337,Alesha Property - Studio Apartment,Nama normalized + koordinat rounded masih sama dengan baris lain.,"Review manual; jika benar properti sama, gabungkan atau pilih record kualitas terbaik."
MANUAL_REVIEW,POSSIBLE_DUPLICATE_NAME_COORD,"normalized_name,latitude,longitude",LODGE-01388,Penginapan Rio Anakku Syariah Banjaran Mitra RedDoorz,Nama normalized + koordinat rounded masih sama dengan baris lain.,"Review manual; jika benar properti sama, gabungkan atau pilih record kualitas terbaik."
MANUAL_REVIEW,POSSIBLE_DUPLICATE_NAME_COORD,"normalized_name,latitude,longitude",LODGE-01400,Sunrise City View Villa 9 Bedrooms With a Private Swimming Pool and a Billiard Table,Nama normalized + koordinat rounded masih sama dengan baris lain.,"Review manual; jika benar properti sama, gabungkan atau pilih record kualitas terbaik."
MANUAL_REVIEW,POSSIBLE_DUPLICATE_NAME_COORD,"normalized_name,latitude,longitude",LODGE-01401,Tabgha by Kozystay - Dago,Nama normalized + koordinat rounded masih sama dengan baris lain.,"Review manual; jika benar properti sama, gabungkan atau pilih record kualitas terbaik."
MANUAL_REVIEW,POSSIBLE_DUPLICATE_NAME_COORD,"normalized_name,latitude,longitude",LODGE-01404,The suites Metro Apartment by Desta Farispro - Standard Studio,Nama normalized + koordinat rounded masih sama dengan baris lain.,"Review manual; jika benar properti sama, gabungkan atau pilih record kualitas terbaik."
MANUAL_REVIEW,POSSIBLE_DUPLICATE_NAME_COORD,"normalized_name,latitude,longitude",LODGE-01414,Alesha Property - Studio Apartment,Nama normalized + koordinat rounded masih sama dengan baris lain.,"Review manual; jika benar properti sama, gabungkan atau pilih record kualitas terbaik."
MANUAL_REVIEW,POSSIBLE_DUPLICATE_NAME_COORD,"normalized_name,latitude,longitude",LODGE-01434,Cozy Studio Apartment at Mekarwangi Square Cibaduyut By Travelio,Nama normalized + koordinat rounded masih sama dengan baris lain.,"Review manual; jika benar properti sama, gabungkan atau pilih record kualitas terbaik."
MANUAL_REVIEW,POSSIBLE_DUPLICATE_NAME_COORD,"normalized_name,latitude,longitude",LODGE-01437,Cozy Studio at Apt Mekarwangi Square By Travelio,Nama normalized + koordinat rounded masih sama dengan baris lain.,"Review manual; jika benar properti sama, gabungkan atau pilih record kualitas terbaik."
MANUAL_REVIEW,POSSIBLE_DUPLICATE_NAME_COORD,"normalized_name,latitude,longitude",LODGE-01438,Cozy Studio at Apt Mekarwangi Square By Travelio,Nama normalized + koordinat rounded masih sama dengan baris lain.,"Review manual; jika benar properti sama, gabungkan atau pilih record kualitas terbaik."
MANUAL_REVIEW,POSSIBLE_DUPLICATE_NAME_COORD,"normalized_name,latitude,longitude",LODGE-01476,Relaxing 1BR at Apartment at Newton Residence Bandung By Travelio,Nama normalized + koordinat rounded masih sama dengan baris lain.,"Review manual; jika benar properti sama, gabungkan atau pilih record kualitas terbaik."
MANUAL_REVIEW,POSSIBLE_DUPLICATE_NAME_COORD,"normalized_name,latitude,longitude",LODGE-01477,Relaxing 1BR at Apartment at Newton Residence Bandung By Travelio,Nama normalized + koordinat rounded masih sama dengan baris lain.,"Review manual; jika benar properti sama, gabungkan atau pilih record kualitas terbaik."
MANUAL_REVIEW,POSSIBLE_DUPLICATE_NAME_COORD,"normalized_name,latitude,longitude",LODGE-01498,The Suite Metro Apartment by King Official - Studio Apartment,Nama normalized + koordinat rounded masih sama dengan baris lain.,"Review manual; jika benar properti sama, gabungkan atau pilih record kualitas terbaik."
MANUAL_REVIEW,POSSIBLE_DUPLICATE_NAME_COORD,"normalized_name,latitude,longitude",LODGE-01499,The Suites Metro Apartment by NFO Property,Nama normalized + koordinat rounded masih sama dengan baris lain.,"Review manual; jika benar properti sama, gabungkan atau pilih record kualitas terbaik."
MANUAL_REVIEW,POSSIBLE_DUPLICATE_NAME_COORD,"normalized_name,latitude,longitude",LODGE-01500,The Suites Metro Apartment by NFO Property,Nama normalized + koordinat rounded masih sama dengan baris lain.,"Review manual; jika benar properti sama, gabungkan atau pilih record kualitas terbaik."
MANUAL_REVIEW,POSSIBLE_DUPLICATE_NAME_COORD,"normalized_name,latitude,longitude",LODGE-01503,"Vila Keluarga Syariah Mawar 82, Dago Resort 4BR dengan Privat Pool BBQ dan Rooftop - Villa with Private Pool",Nama normalized + koordinat rounded masih sama dengan baris lain.,"Review manual; jika benar properti sama, gabungkan atau pilih record kualitas terbaik."
MANUAL_REVIEW,POSSIBLE_DUPLICATE_NAME_COORD,"normalized_name,latitude,longitude",LODGE-01531,Cozy Studio Apartment at Mekarwangi Square Cibaduyut By Travelio,Nama normalized + koordinat rounded masih sama dengan baris lain.,"Review manual; jika benar properti sama, gabungkan atau pilih record kualitas terbaik."
MANUAL_REVIEW,POSSIBLE_DUPLICATE_NAME_COORD,"normalized_name,latitude,longitude",LODGE-01535,Homey and Chic 2BR Apartment Newton Residence,Nama normalized + koordinat rounded masih sama dengan baris lain.,"Review manual; jika benar properti sama, gabungkan atau pilih record kualitas terbaik."
MANUAL_REVIEW,POSSIBLE_DUPLICATE_NAME_COORD,"normalized_name,latitude,longitude",LODGE-01544,Penginapan Rio Anakku Syariah Banjaran Mitra RedDoorz - Standard Twin Room,Nama normalized + koordinat rounded masih sama dengan baris lain.,"Review manual; jika benar properti sama, gabungkan atau pilih record kualitas terbaik."
MANUAL_REVIEW,POSSIBLE_DUPLICATE_NAME_COORD,"normalized_name,latitude,longitude",LODGE-01552,Spacious 2BR Apartment Buah Batu Park near Exit Tol,Nama normalized + koordinat rounded masih sama dengan baris lain.,"Review manual; jika benar properti sama, gabungkan atau pilih record kualitas terbaik."
MANUAL_REVIEW,POSSIBLE_DUPLICATE_NAME_COORD,"normalized_name,latitude,longitude",LODGE-01557,The Suite Metro Apartment by King Official - Two-Bedroom Apartment,Nama normalized + koordinat rounded masih sama dengan baris lain.,"Review manual; jika benar properti sama, gabungkan atau pilih record kualitas terbaik."
MANUAL_REVIEW,POSSIBLE_DUPLICATE_NAME_COORD,"normalized_name,latitude,longitude",LODGE-01588,The suites Metro Apartment by Desta Farispro - Deluxe Studio,Nama normalized + koordinat rounded masih sama dengan baris lain.,"Review manual; jika benar properti sama, gabungkan atau pilih record kualitas terbaik."
MANUAL_REVIEW,POSSIBLE_DUPLICATE_NAME_COORD,"normalized_name,latitude,longitude",LODGE-01606,ARTOTEL Suites Aquila Bandung,Nama normalized + koordinat rounded masih sama dengan baris lain.,"Review manual; jika benar properti sama, gabungkan atau pilih record kualitas terbaik."
MANUAL_REVIEW,POSSIBLE_DUPLICATE_NAME_COORD,"normalized_name,latitude,longitude",LODGE-01611,Grand Sovia Hotel,Nama normalized + koordinat rounded masih sama dengan baris lain.,"Review manual; jika benar properti sama, gabungkan atau pilih record kualitas terbaik."
MANUAL_REVIEW,POSSIBLE_DUPLICATE_NAME_COORD,"normalized_name,latitude,longitude",LODGE-01612,HARRIS Hotel & Conventions Festival Citylink Bandung,Nama normalized + koordinat rounded masih sama dengan baris lain.,"Review manual; jika benar properti sama, gabungkan atau pilih record kualitas terbaik."
MANUAL_REVIEW,POSSIBLE_DUPLICATE_NAME_COORD,"normalized_name,latitude,longitude",LODGE-01613,Holiday Inn Bandung Pasteur,Nama normalized + koordinat rounded masih sama dengan baris lain.,"Review manual; jika benar properti sama, gabungkan atau pilih record kualitas terbaik."
MANUAL_REVIEW,POSSIBLE_DUPLICATE_NAME_COORD,"normalized_name,latitude,longitude",LODGE-01615,Hotel Santika Pasir Koja,Nama normalized + koordinat rounded masih sama dengan baris lain.,"Review manual; jika benar properti sama, gabungkan atau pilih record kualitas terbaik."
MANUAL_REVIEW,POSSIBLE_DUPLICATE_NAME_COORD,"normalized_name,latitude,longitude",LODGE-01626,Summer Hills Hotel & Villas Bandung,Nama normalized + koordinat rounded masih sama dengan baris lain.,"Review manual; jika benar properti sama, gabungkan atau pilih record kualitas terbaik."
MANUAL_REVIEW,POSSIBLE_DUPLICATE_NAME_COORD,"normalized_name,latitude,longitude",LODGE-01628,The Trans Luxury Hotel,Nama normalized + koordinat rounded masih sama dengan baris lain.,"Review manual; jika benar properti sama, gabungkan atau pilih record kualitas terbaik."
MANUAL_REVIEW,POSSIBLE_DUPLICATE_NAME_COORD,"normalized_name,latitude,longitude",LODGE-01629,Zodiak Sutami Hotel Bandung,Nama normalized + koordinat rounded masih sama dengan baris lain.,"Review manual; jika benar properti sama, gabungkan atau pilih record kualitas terbaik."
MANUAL_REVIEW,POSSIBLE_DUPLICATE_NAME_COORD,"normalized_name,latitude,longitude",LODGE-01630,de Java Hotel,Nama normalized + koordinat rounded masih sama dengan baris lain.,"Review manual; jika benar properti sama, gabungkan atau pilih record kualitas terbaik."
MANUAL_REVIEW,POSSIBLE_DUPLICATE_NAME_COORD,"normalized_name,latitude,longitude",LODGE-01642,Homey and Chic 2Br Apartment Newton Residence,Nama normalized + koordinat rounded masih sama dengan baris lain.,"Review manual; jika benar properti sama, gabungkan atau pilih record kualitas terbaik."
MANUAL_REVIEW,POSSIBLE_DUPLICATE_NAME_COORD,"normalized_name,latitude,longitude",LODGE-01645,Spacious 2Br Apartment Buah Batu Park Near Exit Tol,Nama normalized + koordinat rounded masih sama dengan baris lain.,"Review manual; jika benar properti sama, gabungkan atau pilih record kualitas terbaik."
MANUAL_REVIEW,POSSIBLE_DUPLICATE_NAME_COORD,"normalized_name,latitude,longitude",LODGE-01650,The Suites Metro Apartment by NFO Property,Nama normalized + koordinat rounded masih sama dengan baris lain.,"Review manual; jika benar properti sama, gabungkan atau pilih record kualitas terbaik."
MANUAL_REVIEW,ROOM_LEVEL_LISTING,property_type,LODGE-00022,OYO 3394 Apm Residence Syariah - Deluxe Double Room,"Baris adalah room-level listing, bukan properti utama.",Jangan hapus otomatis; turunkan prioritas ranking atau gabungkan ke properti utama jika jelas.
MANUAL_REVIEW,ROOM_LEVEL_LISTING,property_type,LODGE-00065,Hotel O Cibeureum Residence - Deluxe Double Room,"Baris adalah room-level listing, bukan properti utama.",Jangan hapus otomatis; turunkan prioritas ranking atau gabungkan ke properti utama jika jelas.
MANUAL_REVIEW,ROOM_LEVEL_LISTING,property_type,LODGE-00087,Budi House Food Station - Deluxe Twin Room,"Baris adalah room-level listing, bukan properti utama.",Jangan hapus otomatis; turunkan prioritas ranking atau gabungkan ke properti utama jika jelas.
MANUAL_REVIEW,ROOM_LEVEL_LISTING,property_type,LODGE-00088,Budi House Food Station - Standard Double Room,"Baris adalah room-level listing, bukan properti utama.",Jangan hapus otomatis; turunkan prioritas ranking atau gabungkan ke properti utama jika jelas.
MANUAL_REVIEW,ROOM_LEVEL_LISTING,property_type,LODGE-00120,Sans Stay Skyland Pasteur Bandung - Deluxe Double Room,"Baris adalah room-level listing, bukan properti utama.",Jangan hapus otomatis; turunkan prioritas ranking atau gabungkan ke properti utama jika jelas.
MANUAL_REVIEW,ROOM_LEVEL_LISTING,property_type,LODGE-00121,Sans Stay Skyland Pasteur Bandung - Standard Double Room,"Baris adalah room-level listing, bukan properti utama.",Jangan hapus otomatis; turunkan prioritas ranking atau gabungkan ke properti utama jika jelas.
MANUAL_REVIEW,ROOM_LEVEL_LISTING,property_type,LODGE-00150,Budi House Food Station - Superior Double Room,"Baris adalah room-level listing, bukan properti utama.",Jangan hapus otomatis; turunkan prioritas ranking atau gabungkan ke properti utama jika jelas.
MANUAL_REVIEW,ROOM_LEVEL_LISTING,property_type,LODGE-00206,OYO 2088 Grha Blue Sky Syariah - Standard Double Room,"Baris adalah room-level listing, bukan properti utama.",Jangan hapus otomatis; turunkan prioritas ranking atau gabungkan ke properti utama jika jelas.
MANUAL_REVIEW,ROOM_LEVEL_LISTING,property_type,LODGE-00239,Little Blue House - Queen Room,"Baris adalah room-level listing, bukan properti utama.",Jangan hapus otomatis; turunkan prioritas ranking atau gabungkan ke properti utama jika jelas.
MANUAL_REVIEW,ROOM_LEVEL_LISTING,property_type,LODGE-00257,ZEN Rooms Cibogo Pasteur,"Baris adalah room-level listing, bukan properti utama.",Jangan hapus otomatis; turunkan prioritas ranking atau gabungkan ke properti utama jika jelas.
MANUAL_REVIEW,ROOM_LEVEL_LISTING,property_type,LODGE-00471,RedDoorz Resort near Darajat Garut - Standard Double Room,"Baris adalah room-level listing, bukan properti utama.",Jangan hapus otomatis; turunkan prioritas ranking atau gabungkan ke properti utama jika jelas.
MANUAL_REVIEW,ROOM_LEVEL_LISTING,property_type,LODGE-00488,Penginapan Barkah - Family Room,"Baris adalah room-level listing, bukan properti utama.",Jangan hapus otomatis; turunkan prioritas ranking atau gabungkan ke properti utama jika jelas.
MANUAL_REVIEW,ROOM_LEVEL_LISTING,property_type,LODGE-00489,Penginapan Barkah - Family Room,"Baris adalah room-level listing, bukan properti utama.",Jangan hapus otomatis; turunkan prioritas ranking atau gabungkan ke properti utama jika jelas.
MANUAL_REVIEW,ROOM_LEVEL_LISTING,property_type,LODGE-00490,Penginapan Barkah - Standard Family Room,"Baris adalah room-level listing, bukan properti utama.",Jangan hapus otomatis; turunkan prioritas ranking atau gabungkan ke properti utama jika jelas.
MANUAL_REVIEW,ROOM_LEVEL_LISTING,property_type,LODGE-00510,Pondok Stevia Ciwidey - Deluxe Double Room,"Baris adalah room-level listing, bukan properti utama.",Jangan hapus otomatis; turunkan prioritas ranking atau gabungkan ke properti utama jika jelas.
MANUAL_REVIEW,ROOM_LEVEL_LISTING,property_type,LODGE-00546,Vila Kopi Ciwidey - Family Room with Garden View,"Baris adalah room-level listing, bukan properti utama.",Jangan hapus otomatis; turunkan prioritas ranking atau gabungkan ke properti utama jika jelas.
MANUAL_REVIEW,ROOM_LEVEL_LISTING,property_type,LODGE-00560,Cigadog Residence Mitra Reddoorz - Standard Double Room,"Baris adalah room-level listing, bukan properti utama.",Jangan hapus otomatis; turunkan prioritas ranking atau gabungkan ke properti utama jika jelas.
MANUAL_REVIEW,ROOM_LEVEL_LISTING,property_type,LODGE-00573,OYO 3951 Hotel Tw Rancagoong - Delxue Twin Room,"Baris adalah room-level listing, bukan properti utama.",Jangan hapus otomatis; turunkan prioritas ranking atau gabungkan ke properti utama jika jelas.
MANUAL_REVIEW,ROOM_LEVEL_LISTING,property_type,LODGE-00575,Pondok Stevia Ciwidey - Deluxe Double Room,"Baris adalah room-level listing, bukan properti utama.",Jangan hapus otomatis; turunkan prioritas ranking atau gabungkan ke properti utama jika jelas.
MANUAL_REVIEW,ROOM_LEVEL_LISTING,property_type,LODGE-00576,RedDoorz Syariah near Tugu Lampu Gentur Cianjur - Deluxe Room,"Baris adalah room-level listing, bukan properti utama.",Jangan hapus otomatis; turunkan prioritas ranking atau gabungkan ke properti utama jika jelas.
MANUAL_REVIEW,ROOM_LEVEL_LISTING,property_type,LODGE-00596,Vila Kopi Ciwidey - Family Room with Garden View,"Baris adalah room-level listing, bukan properti utama.",Jangan hapus otomatis; turunkan prioritas ranking atau gabungkan ke properti utama jika jelas.
MANUAL_REVIEW,ROOM_LEVEL_LISTING,property_type,LODGE-00597,Vila Kopi Ciwidey - King Room with Garden View,"Baris adalah room-level listing, bukan properti utama.",Jangan hapus otomatis; turunkan prioritas ranking atau gabungkan ke properti utama jika jelas.
MANUAL_REVIEW,ROOM_LEVEL_LISTING,property_type,LODGE-00614,"Argapuri Jungle Resort - Standard Room, 1 Bedroom, Terrace, Mountain View","Baris adalah room-level listing, bukan properti utama.",Jangan hapus otomatis; turunkan prioritas ranking atau gabungkan ke properti utama jika jelas.
MANUAL_REVIEW,ROOM_LEVEL_LISTING,property_type,LODGE-00731,Vedca Asrama Cianjur RedPartner - Economy Twin Room,"Baris adalah room-level listing, bukan properti utama.",Jangan hapus otomatis; turunkan prioritas ranking atau gabungkan ke properti utama jika jelas.
MANUAL_REVIEW,ROOM_LEVEL_LISTING,property_type,LODGE-00732,Vedca Cottage Cianjur - Family Room,"Baris adalah room-level listing, bukan properti utama.",Jangan hapus otomatis; turunkan prioritas ranking atau gabungkan ke properti utama jika jelas.
MANUAL_REVIEW,ROOM_LEVEL_LISTING,property_type,LODGE-00764,family room,"Baris adalah room-level listing, bukan properti utama.",Jangan hapus otomatis; turunkan prioritas ranking atau gabungkan ke properti utama jika jelas.
MANUAL_REVIEW,ROOM_LEVEL_LISTING,property_type,LODGE-00775,Kampung Panorama - Family Room with Lake View,"Baris adalah room-level listing, bukan properti utama.",Jangan hapus otomatis; turunkan prioritas ranking atau gabungkan ke properti utama jika jelas.
MANUAL_REVIEW,ROOM_LEVEL_LISTING,property_type,LODGE-00798,Penginapan atau Kontrakan Rumah Ciwidey 1 Ruangan 2 Kasur Dewasa Kamar Mandi Dapur Dalam Sewa Harian Mingguan Bulanan Tahunan Boleh - Double Room with Private Bathroom,"Baris adalah room-level listing, bukan properti utama.",Jangan hapus otomatis; turunkan prioritas ranking atau gabungkan ke properti utama jika jelas.
MANUAL_REVIEW,ROOM_LEVEL_LISTING,property_type,LODGE-00829,RedDoorz Resort Syariah @ Batu Apung Purwakarta - Family Room,"Baris adalah room-level listing, bukan properti utama.",Jangan hapus otomatis; turunkan prioritas ranking atau gabungkan ke properti utama jika jelas.
MANUAL_REVIEW,ROOM_LEVEL_LISTING,property_type,LODGE-00831,RedDoorz Resort Syariah @ Jaya Tirta Abadi - Standard Double Room,"Baris adalah room-level listing, bukan properti utama.",Jangan hapus otomatis; turunkan prioritas ranking atau gabungkan ke properti utama jika jelas.
MANUAL_REVIEW,ROOM_LEVEL_LISTING,property_type,LODGE-00873,Bantal Guling Trans - Standard Double Room with Fan,"Baris adalah room-level listing, bukan properti utama.",Jangan hapus otomatis; turunkan prioritas ranking atau gabungkan ke properti utama jika jelas.
MANUAL_REVIEW,ROOM_LEVEL_LISTING,property_type,LODGE-00874,Bantal Guling Trans - Standard Family Room,"Baris adalah room-level listing, bukan properti utama.",Jangan hapus otomatis; turunkan prioritas ranking atau gabungkan ke properti utama jika jelas.
MANUAL_REVIEW,ROOM_LEVEL_LISTING,property_type,LODGE-00875,Bantal Guling Trans - Superior Family Room,"Baris adalah room-level listing, bukan properti utama.",Jangan hapus otomatis; turunkan prioritas ranking atau gabungkan ke properti utama jika jelas.
MANUAL_REVIEW,ROOM_LEVEL_LISTING,property_type,LODGE-00903,Family Room Gezonder Antapani - Family Room with Balcony,"Baris adalah room-level listing, bukan properti utama.",Jangan hapus otomatis; turunkan prioritas ranking atau gabungkan ke properti utama jika jelas.
MANUAL_REVIEW,ROOM_LEVEL_LISTING,property_type,LODGE-00953,Little Mykonos - Deluxe Queen Room,"Baris adalah room-level listing, bukan properti utama.",Jangan hapus otomatis; turunkan prioritas ranking atau gabungkan ke properti utama jika jelas.
MANUAL_REVIEW,ROOM_LEVEL_LISTING,property_type,LODGE-00971,Over Easy Glamping Site - Family Room,"Baris adalah room-level listing, bukan properti utama.",Jangan hapus otomatis; turunkan prioritas ranking atau gabungkan ke properti utama jika jelas.
MANUAL_REVIEW,ROOM_LEVEL_LISTING,property_type,LODGE-00972,Over Easy Glamping Site - Queen Room,"Baris adalah room-level listing, bukan properti utama.",Jangan hapus otomatis; turunkan prioritas ranking atau gabungkan ke properti utama jika jelas.
MANUAL_REVIEW,ROOM_LEVEL_LISTING,property_type,LODGE-00998,RedDoorz Syariah near BTC Fashion Mall - Standard Double Room,"Baris adalah room-level listing, bukan properti utama.",Jangan hapus otomatis; turunkan prioritas ranking atau gabungkan ke properti utama jika jelas.
MANUAL_REVIEW,ROOM_LEVEL_LISTING,property_type,LODGE-01012,RedDoorz near Taman Makam Pahlawan Cikutra - Deluxe Room,"Baris adalah room-level listing, bukan properti utama.",Jangan hapus otomatis; turunkan prioritas ranking atau gabungkan ke properti utama jika jelas.
MANUAL_REVIEW,ROOM_LEVEL_LISTING,property_type,LODGE-01113,Bantal Guling Trans - Family Triple Room,"Baris adalah room-level listing, bukan properti utama.",Jangan hapus otomatis; turunkan prioritas ranking atau gabungkan ke properti utama jika jelas.
MANUAL_REVIEW,ROOM_LEVEL_LISTING,property_type,LODGE-01121,Cove Horizone - Deluxe Room,"Baris adalah room-level listing, bukan properti utama.",Jangan hapus otomatis; turunkan prioritas ranking atau gabungkan ke properti utama jika jelas.
MANUAL_REVIEW,ROOM_LEVEL_LISTING,property_type,LODGE-01147,Little Mykonos - Queen Room with Balcony,"Baris adalah room-level listing, bukan properti utama.",Jangan hapus otomatis; turunkan prioritas ranking atau gabungkan ke properti utama jika jelas.
MANUAL_REVIEW,ROOM_LEVEL_LISTING,property_type,LODGE-01148,Little Mykonos - Standard Queen Room,"Baris adalah room-level listing, bukan properti utama.",Jangan hapus otomatis; turunkan prioritas ranking atau gabungkan ke properti utama jika jelas.
MANUAL_REVIEW,ROOM_LEVEL_LISTING,property_type,LODGE-01161,Over Easy Glamping Site - Family Room,"Baris adalah room-level listing, bukan properti utama.",Jangan hapus otomatis; turunkan prioritas ranking atau gabungkan ke properti utama jika jelas.
MANUAL_REVIEW,ROOM_LEVEL_LISTING,property_type,LODGE-01174,RedDoorz Plus near Asia Afrika 3 - Deluxe Room,"Baris adalah room-level listing, bukan properti utama.",Jangan hapus otomatis; turunkan prioritas ranking atau gabungkan ke properti utama jika jelas.
MANUAL_REVIEW,ROOM_LEVEL_LISTING,property_type,LODGE-01210,bumimakhraja syariah 4 - Deluxe Double Room,"Baris adalah room-level listing, bukan properti utama.",Jangan hapus otomatis; turunkan prioritas ranking atau gabungkan ke properti utama jika jelas.
MANUAL_REVIEW,ROOM_LEVEL_LISTING,property_type,LODGE-01502,Urbanview Darmo Residence Bandung - Deluxe Double Room,"Baris adalah room-level listing, bukan properti utama.",Jangan hapus otomatis; turunkan prioritas ranking atau gabungkan ke properti utama jika jelas.
MANUAL_REVIEW,ROOM_LEVEL_LISTING,property_type,LODGE-01509,ZEN Rooms Talaga Bodas,"Baris adalah room-level listing, bukan properti utama.",Jangan hapus otomatis; turunkan prioritas ranking atau gabungkan ke properti utama jika jelas.
MANUAL_REVIEW,ROOM_LEVEL_LISTING,property_type,LODGE-01544,Penginapan Rio Anakku Syariah Banjaran Mitra RedDoorz - Standard Twin Room,"Baris adalah room-level listing, bukan properti utama.",Jangan hapus otomatis; turunkan prioritas ranking atau gabungkan ke properti utama jika jelas.
MANUAL_REVIEW,ROOM_LEVEL_LISTING,property_type,LODGE-01578,OYO 90025 Pondok Pesona Lembang - Deluxe Double Room,"Baris adalah room-level listing, bukan properti utama.",Jangan hapus otomatis; turunkan prioritas ranking atau gabungkan ke properti utama jika jelas.
MANUAL_REVIEW,ROOM_LEVEL_LISTING,property_type,LODGE-01592,ZEN Rooms Aria Jipang,"Baris adalah room-level listing, bukan properti utama.",Jangan hapus otomatis; turunkan prioritas ranking atau gabungkan ke properti utama jika jelas.
MANUAL_REVIEW,ROOM_LEVEL_LISTING,property_type,LODGE-01593,ZEN Rooms Lengkong Gatot Subroto,"Baris adalah room-level listing, bukan properti utama.",Jangan hapus otomatis; turunkan prioritas ranking atau gabungkan ke properti utama jika jelas.
MANUAL_REVIEW,ROOM_LEVEL_LISTING,property_type,LODGE-01595,Zen Rooms Pangaran Dalem Kaum,"Baris adalah room-level listing, bukan properti utama.",Jangan hapus otomatis; turunkan prioritas ranking atau gabungkan ke properti utama jika jelas.
MANUAL_REVIEW,ROOM_LEVEL_LISTING,property_type,LODGE-01653,Kamar Keluarga Bandung,"Baris adalah room-level listing, bukan properti utama.",Jangan hapus otomatis; turunkan prioritas ranking atau gabungkan ke properti utama jika jelas.
