location_id,location_name,image_order,image_url
LODGE-00037,Homestay Budihouse,1,https://mymkc.com/pubfiles/images/問卷2.jpg
LODGE-00039,Javaretro Hotel & Suite,1,http://www.akbobada.com/home/akbobada/archive/akbo/vod/sampleimg/202301194htaod.png
LODGE-00044,RedDoorz @ Amellia Pasteur Bandung,1,http://www.clipartbest.com/cliparts/yck/6en/yck6enr7i.png
LODGE-00044,RedDoorz @ Amellia Pasteur Bandung,2,https://i.pinimg.com/originals/22/6b/83/226b8368423dc0284805fc966f73696f.png
LODGE-00044,RedDoorz @ Amellia Pasteur Bandung,3,https://png.pngtree.com/png-clipart/20220429/original/pngtree-cat-style-simple-abstract-line-drawing-art-png-image_7572642.png
LODGE-00044,RedDoorz @ Amellia Pasteur Bandung,4,https://getdrawings.com/images/rose-flower-line-drawing-6.png
LODGE-00044,RedDoorz @ Amellia Pasteur Bandung,5,http://www.clipartbest.com/cliparts/ncB/MXL/ncBMXL4ji.png
LODGE-00045,RedDoorz near Setrasari mall 4,1,https://png.pngtree.com/background/20230610/original/pngtree-three-puppies-with-their-mouths-open-are-posing-for-a-photo-picture-image_3054035.jpg
LODGE-00048,Sans Hotel Skyland Pasteur Bandung,1,https://orig00.deviantart.net/5dae/f/2016/324/e/a/one_piece_843___sanji_by_ajm_fairytail-dap2x0w.png
LODGE-00048,Sans Hotel Skyland Pasteur Bandung,2,https://1.bp.blogspot.com/-1uzUntJUQUQ/Vw5C0GYyzWI/AAAAAAAAN0Y/k0WR38NSeqg9wzvIGDV5Bs8Q7FORaYsPACLcB/s1600/maxresdefault%2B%25281%2529.jpg
LODGE-00048,Sans Hotel Skyland Pasteur Bandung,3,https://freepngimg.com/thumb/one_piece/86792-sanji-monkey-character-gentleman-fictional-vinsmoke-luffy.png
LODGE-00048,Sans Hotel Skyland Pasteur Bandung,4,https://freepngimg.com/thumb/suit/86782-standing-behavior-sanji-monkey-warriors-one-vinsmoke.png
LODGE-00048,Sans Hotel Skyland Pasteur Bandung,5,https://upload.wikimedia.org/wikipedia/fi/4/48/Sanji.png
LODGE-00053,Valore Hotel Cimahi,1,https://www.handa-cp.co.jp/blog/wp-content/uploads/2021/08/2021-08-30-4.png
LODGE-00053,Valore Hotel Cimahi,2,https://baseec-img-mng.akamaized.net/images/item/origin/3a25572f4b7d518baa6d5120316e1c05.png?imformat=generic
LODGE-00053,Valore Hotel Cimahi,3,https://jsite.mhlw.go.jp/hokkaido-roudoukyoku/content/contents/001345706.jpg
LODGE-00053,Valore Hotel Cimahi,4,https://jsite.mhlw.go.jp/fukui-roudoukyoku/content/contents/002119670.jpg
LODGE-00053,Valore Hotel Cimahi,5,https://kn-sharoushi.com/wp-content/uploads/2022/05/image-97.png
LODGE-00054,Villa Tibra,1,https://topsbest-precision.com/wp-content/uploads/2025/05/electroplating-and-electroless-plating-optimized-1-1024x683.png
LODGE-00060,HOTEL PARAHYANGAN,1,https://wallpaperbat.com/img/116106527-mobile-legends-logo-wallpaper.jpg
LODGE-00060,HOTEL PARAHYANGAN,2,https://wallpaperaccess.com/full/3518004.jpg
LODGE-00060,HOTEL PARAHYANGAN,3,https://wallpaperaccess.com/full/3518005.jpg
LODGE-00060,HOTEL PARAHYANGAN,4,https://wallpaperbat.com/img/116106572-hd-mobile-legends-logo-wallpaper.jpg
LODGE-00060,HOTEL PARAHYANGAN,5,https://wallpaperaccess.com/full/1100967.jpg
LODGE-00064,Hotel Neo Kota Baru Parahyangan,1,https://www.hdwallpapers.in/download/black_sith_darth_vader_in_red_background_star_wars_4k_hd_darth_vader-3840x2160.jpg
LODGE-00070,OYO 3463 Cimahi Guest House,1,https://c8.alamy.com/comp/3CGA7YF/gotthardpass-in-der-schweiz-tremolastrae-val-tremola-gotthard-pass-in-switzerland-tremola-road-val-tremola-copyright-xehlxmediabjrnxstachx-20250805-sylmbolfotos-bjoern-2-38-3CGA7YF.jpg
LODGE-00072,Radio Backpacker Guesthouse RBG SYARIAH,1,https://i0.wp.com/media.bizreach.biz/wp-content/uploads/2022/06/BizReach-withHR_Soshikizu_g9.png?ssl=1
LODGE-00081,LN9 Bandung Guest House,1,https://kamiojapan.jp/wp-content/uploads/2025/11/2510awawa_chara_awakko.png
LODGE-00084,Amellia Hotel Pasteur,1,http://i1215.photobucket.com/albums/cc512/myfashionmirror/my fashion mirror/beachoutfitstreetstylepanamahatespadrillessummerstyleoutfitbloggermyfashionmirror5_zps5f630093.jpg
LODGE-00084,Amellia Hotel Pasteur,2,https://s.yimg.com/ny/api/res/1.2/W286kWjzgv6AvYTTviFnSQ--/YXBwaWQ9aGlnaGxhbmRlcjt3PTk2MDtoPTE0NDA7Y2Y9d2VicA--/https://media.zenfs.com/en/instyle_846/3c695bda3e6bd8a14a59cb1985d75229
LODGE-00084,Amellia Hotel Pasteur,3,http://www.wearwild.net/wp-content/uploads/2016/06/Two-pieces-summer-outfit_backless-top_total-white_street-style_6-780x1170.jpg
LODGE-00084,Amellia Hotel Pasteur,4,https://cdn.sewmamasew.com/wp-content/uploads/2026/05/40-Summer-Outfit-Inspiration-Ideas-to-Try-This-Year.jpg
LODGE-00084,Amellia Hotel Pasteur,5,https://4.bp.blogspot.com/-1aoenDGz9K0/Tg8ZqIZs2cI/AAAAAAAABew/bHgCBfEEVy0/s1600/6464.jpg
LODGE-00096,Nabila Syar'i Guest House,1,https://i.etsystatic.com/58046917/r/il/954869/6710432824/il_1588xN.6710432824_g6bp.jpg
LODGE-00098,Saloka Guest House dan Residence,1,https://i.ytimg.com/vi/hEZfvcmperY/maxresdefault.jpg
LODGE-00100,Tirtasari Nice 2 Guest House,1,https://cdn.donmai.us/original/d8/a3/d8a3883113dc4be41474ac733d0d5059.jpg
LODGE-00103,RedDoorz near Exit Toll Pasteur 4,1,https://i.pinimg.com/originals/4c/a0/1d/4ca01d9203cab649d6420e3f4be90427.jpg
LODGE-00122,Sekararum Butik Syariah Guesthouse,1,https://www.ssnp.co.jp/uploads/2025/05/250530karayama2-1024x525.jpg
LODGE-00132,West Point Hotel Bandung,1,https://static.cdn.soomgo.com/upload/portfolio/47686a6f-bf55-4282-830a-c5788f060b59.jpg?webp=1
LODGE-00138,OYO 2183 Cibeureum Residence,1,https://p4.wallpaperbetter.com/wallpaper/755/364/972/louvre-paris-sunlight-architecture-wallpaper-preview.jpg
LODGE-00141,OYO 1859 Rancabali Residence,1,https://www.1999.co.jp/itbig01/10013731t2.jpg
LODGE-00195,Grand Amellia Hotel,1,https://tsukamotodental.com/wp-content/themes/hoc-template01-kn/images/subpage/staff_slider05.jpg
LODGE-00196,OYO 1577 Onic Residence,1,https://sonarclient.blob.core.windows.net/shimohana-saiyo-public/jobboard/contents/202105111026460604.jpg
LODGE-00197,OYO 2728 Sinulingga Residence,1,https://imgcp.aacdn.jp/img-a/1200/900/aa_news/article/2025/01/20/678e4925f0e36.jpg
LODGE-00198,RedDoorz Plus near Politeknik Negeri Bandung,1,https://static.vecteezy.com/system/resources/previews/042/901/879/non_2x/blank-chips-bags-packaging-design-png.png
LODGE-00200,Geowisata Inn,1,https://images.storm.mg/cloud/01175ccaa35caa46ef0755eafbd925366b6bbbeb.webp?url=s3:%2F%2Fnew-storm-public-resource%2Fgallery%2F634360%2F20230901-010826_U27483_M884530_4d3f.png&g=sm&h=675&resize=fill&w=1200
LODGE-00215,Pondok Ayuni,1,https://www.frontiersin.org/files/Articles/461663/fpsyg-10-01720-HTML/image_m/fpsyg-10-01720-g001.jpg
LODGE-00215,Pondok Ayuni,2,https://www.solopress.com/blog/wp-content/uploads/2013/11/50-best-logos-ever-made1.jpg
LODGE-00215,Pondok Ayuni,3,https://orig00.deviantart.net/6b8b/f/2010/199/e/0/simple_logo_design_by_devartzdesign.jpg
LODGE-00215,Pondok Ayuni,4,http://th00.deviantart.net/fs70/PRE/f/2010/199/e/0/Simple_Logo_Design_by_devartzdesign.jpg
LODGE-00215,Pondok Ayuni,5,http://www.lions-wing.net/lessons/what.is.an.os/os-logos.png
LODGE-00216,OYO 2609 Black Dots,1,https://th-test-11.slatic.net/p/0b65ef35f35a2670a5c0c32cf04dfe73.jpg
LODGE-00217,Zameena Guest House,1,https://outoftownblog.com/wp-content/uploads/2022/03/Entrance-to-the-Sohoton-Cave-700x467.jpg
LODGE-00243,RedDoorz Plus near Exit Toll Pasteur 2,1,https://static.mercdn.net/item/detail/orig/photos/m89009880076_1.jpg?1696513164
LODGE-00243,RedDoorz Plus near Exit Toll Pasteur 2,2,https://auctions.c.yimg.jp/images.auctions.yahoo.co.jp/image/dr000/auc0405/users/c36198794a43d4f69f41581677b62054e834334b/i-img1200x1200-1683014916z0v6ac7562.jpg
LODGE-00243,RedDoorz Plus near Exit Toll Pasteur 2,3,https://i.pinimg.com/originals/cd/79/04/cd79048ced57da8a305464e30beb7619.gif
LODGE-00243,RedDoorz Plus near Exit Toll Pasteur 2,4,https://auctions.afimg.jp/c825721194/ya/image/c825721194.1.jpg
LODGE-00243,RedDoorz Plus near Exit Toll Pasteur 2,5,https://auctions.c.yimg.jp/images.auctions.yahoo.co.jp/image/dr000/auc0405/users/777a853bbc5c2bd2b5385653c2e98d4154a2cfdc/i-img1200x1012-1683188760dxrq4e141903.jpg
LODGE-00255,Hotel Candra,1,https://i.pinimg.com/originals/b1/9d/1a/b19d1a7a6637dc8098a64e7233547a31.jpg
LODGE-00256,OYO 3898 Sultan Premiere Ayuni Residence,1,https://image.shutterstock.com/image-vector/illustration-international-yoga-day-260nw-1113110333.jpg
LODGE-00263,Hotel Tjimahi,1,https://auctions.c.yimg.jp/images.auctions.yahoo.co.jp/image/dr000/auc0403/users/d26795405dd719c10aba3524d47311938e24d589/i-img640x480-1678494877xrsfyj1078144.jpg
LODGE-00339,RedDoorz Syariah Near Polban 3,1,https://bydvn.net/wp-content/uploads/2025/01/byd-sealion-6-harbour-grey-min-7b75bf.png
LODGE-00340,RedDoorz near Cimahi Station,1,https://cdn.livedoor.jp/kstyle/kstyle/5fd17e3424705b4a4e2548c5e13410fd.jpg/r.580x0
LODGE-00341,Sukaraja Guest House Bandung,1,https://blogger.googleusercontent.com/img/b/R29vZ2xl/AVvXsEgLo3UW4k5aiGc-RnddKz_8S_fvX5vbw6D-pw5FOFXV476mI7abwj_UOHiz92gURDBjZsYh7KdcGpMRErHT8J9C3VjLJ4rtnj1es4iVOFmiZiYOahvSv1JRn_Vypp-UeNdiFUKmMUDeI4w/w1200-h630-p-k-no-nu/thumbnail_eye.jpg
LODGE-00343,The Cordyline Guesthouse,1,https://entertainment.inquirer.net/files/2024/06/dotnet-banner-2024-06-23T171721.229.png
LODGE-00344,Villa Normandie Bandung,1,https://img.seoul.co.kr/img/upload/2021/05/31/SSI_20210531151636.jpg
LODGE-00346,Salsabila Guest House,1,https://kimkhitienthanh.com/wp-content/uploads/2024/04/ung-dung-cua-dinh-vit-go.jpg
LODGE-00346,Salsabila Guest House,2,https://thuykhihungtrung.com/wp-content/uploads/2023/03/Vit-ban-ton-xa-go-sat-2.jpg
LODGE-00346,Salsabila Guest House,3,https://kimkhitienthanh.com/wp-content/uploads/2025/11/vit-go-la-gi-1024x640.jpg
LODGE-00346,Salsabila Guest House,4,https://dhomebuild.com/wp-content/uploads/2023/04/anh-cau-tao-vit-xa-go-3-phan.jpg
LODGE-00346,Salsabila Guest House,5,https://kimkhitienthanh.com/wp-content/uploads/2025/11/so-sanh-vit-ban-sat-va-vit-ban-go-thumb.jpg
LODGE-00347,Villa Ouma Bandung,1,https://funny-photo.s3.amazonaws.com/templates/695/preview500.jpg
LODGE-00366,Mason Pine Hotel,1,https://m.media-amazon.com/images/I/81MPGMDrLKL._AC_SL1500_.jpg
LODGE-00366,Mason Pine Hotel,2,https://review.pastime.ne.jp/wp-content/uploads/2023/07/IMG_6082.jpg
LODGE-00366,Mason Pine Hotel,3,https://api-www.mdn.co.jp/image/f2312d37-85e3-42a1-aa59-1d98a4e3a4f2
LODGE-00366,Mason Pine Hotel,4,https://prtimes.jp/i/26178/32/ogp/d26178-32-218934-0.jpg
LODGE-00366,Mason Pine Hotel,5,https://skinandxxx.com/gadget-movie/wp-content/uploads/2024/02/1709132117_maxresdefault.jpg
LODGE-00372,OYO 92726 Geulis Guest House Syariah,1,https://i.pinimg.com/236x/c5/5a/ed/c55aeda28304ee71e3283426c5394b01.jpg
LODGE-00391,Bali Puspa Guest House,1,https://inoxhungcuong.com/wp-content/uploads/2023/08/cong-ty-co-phan-hung-cuong.jpg
LODGE-00392,C Family Hotel,1,https://img1.esimg.jp/image/food/00/01/55/2203186.jpg?ts=1636358835937
LODGE-00394,Guest House Jabu Rosmina,1,https://thumbs.dreamstime.com/z/education-school-timetable-schedule-template-supplies-vector-weekly-planner-student-lesson-plan-study-time-table-wooden-192388497.jpg
LODGE-00396,Kost Griya Mas BCI A 39 A,1,https://image.slidesharecdn.com/ruskinbondbiographypresentation-170910172943/75/Ruskin-bond-biography-PPT-1-2048.jpg
LODGE-00396,Kost Griya Mas BCI A 39 A,2,https://macmillaneducation.in/wp-content/uploads/2023/09/Ruskin-bond-author-poet.png
LODGE-00396,Kost Griya Mas BCI A 39 A,3,https://i.pinimg.com/736x/82/df/53/82df53d2ae5e0692cf7aad5ff8bbb8db.jpg
LODGE-00396,Kost Griya Mas BCI A 39 A,4,https://learningandcreativity.com/wp-content/uploads/2019/06/Ruskin-Bond-portrait.jpg
LODGE-00396,Kost Griya Mas BCI A 39 A,5,https://wallpapercave.com/wp/wp9605369.jpg
LODGE-00397,Light Home Kost,1,https://www.marutsu.co.jp/contents/shop/marutsu/img/goods/020/2266459/2266459_3.jpg
LODGE-00399,OYO 2759 - Jend. Sudirman Cibeureum,1,https://www.militaryimages.net/media/japanese-navy-osumi-class-tank-landing-ship.14154/full?d=1521490523
LODGE-00400,Padasuka Kost & Homestay,1,https://sexualitytest.org/imgs/2025-09-02/pansexual-bisexual-overlap-comparison.webp
LODGE-00400,Padasuka Kost & Homestay,2,https://gaytest.me/imgs/2025-07-22/bisexuality-pansexuality-diagram.webp
LODGE-00400,Padasuka Kost & Homestay,3,https://64.media.tumblr.com/81decc5ece2b2d45c823b68e1e1697ba/e94e91be17b7d846-7a/s1280x1920/e953beb3b240aeb3640dda6c88152d1979c52f24.png
LODGE-00400,Padasuka Kost & Homestay,4,https://agentsofishq.com/wp-content/uploads/2016/05/New-Pansexuality-Feature.jpg
LODGE-00400,Padasuka Kost & Homestay,5,https://dz01iyojmxk8t.cloudfront.net/wp-content/uploads/2015/09/24132435/pansexuality-comic.jpg
LODGE-00404,Villa Padmasana,1,https://blogthumb.pstatic.net/MjAyMTAzMTNfMzEg/MDAxNjE1NjE4NjU0Mjg4.SFeYLfit0te1SK-gZjBeterKMxVAHTSjk6SAWydcXCkg.oNxQqZGb4fk0aj74LWcTbUa4hgboQX10d2ppvd6yUrMg.JPEG.ting6441/DSC01078.JPG?type=w2
LODGE-00419,Frank House Guest House Korean Style,1,https://pix10.agoda.net/hotelImages/9076082/0/f6e18c23f45e68782f4db591b4ca50a0.jpg?ca=25&ce=0&s=1024x768
LODGE-00420,Namdur Villa Sariwangi,1,https://mapitdata.blob.core.windows.net/map03-comppng/ja/highlight/神奈川県___海老名市.png
LODGE-00421,OYO 2442 Windrisari Homestay,1,https://down-th.img.susercontent.com/file/th-11134207-7rash-m8u7739chylc18
LODGE-00423,OYO 94118 Homestayque Syariah,1,https://autotorque.in/wp-content/uploads/2025/02/Honda-Shine-125.webp
LODGE-00424,OYO Life 92127 Skyland Pasteur,1,https://imgv2-1-f.scribdassets.com/img/document/518397248/original/bb68d30124/1?v=1
LODGE-00426,SPOT ON 91832 Pondok Aqueduct,1,https://img.freepik.com/premium-photo/silhouette-young-woman-walking-alone-night_1022212-11915.jpg?w=996
LODGE-00433,ALONICA guesthouse,1,https://www.suntory.co.jp/whisky/hakushu/sd/assets/img/top/image_about1.jpg
LODGE-00435,Bobo inn Baros,1,https://i.ytimg.com/vi/TkKNI0UDq_M/maxresdefault.jpg
LODGE-00438,Hen's Guest House,1,https://auctions.c.yimg.jp/images.auctions.yahoo.co.jp/image/dr000/auc0510/users/891c551ae2cc288c7e993d3b1015341b2866f120/i-img1200x850-1730374610en0ja67.jpg
LODGE-00439,Homestay,1,https://thumb.ac-illust.com/7d/7db0dda9a043d8fadb4476831039eb1a_t.jpeg
LODGE-00439,Homestay,2,https://gashapon.jp/blog/wp-content/uploads/2019/11/かめ7_3.jpg
LODGE-00439,Homestay,3,https://thumb.ac-illust.com/86/86cc6fb9079b4c81a14dd1a23ed1acab_w.jpeg
LODGE-00439,Homestay,4,http://insatsusozai.net/2015sozaip/rikugame.jpg
LODGE-00439,Homestay,5,https://www.pakutaso.com/shared/img/thumb/kameIMG_1405_TP_V1.jpg
LODGE-00440,Imah Incu Inn,1,https://i.pinimg.com/736x/e0/31/87/e0318720c9964ed48d1e26598fe22a1d.jpg
LODGE-00442,Kost Gerlong Hilir,1,https://livedoor.blogimg.jp/ponpokonwes/imgs/0/6/0695e7a5.jpg
LODGE-00447,Regina's Home Guesthouse,1,https://preview.aflo.com/XJJO9D66IdjO/aflo_177295496.jpg
LODGE-00449,Seven Homestay,1,https://dg24ae6szr1rz.cloudfront.net/photo/original/bc5689b045bd269f8191cfacf0965f7c.jpg
LODGE-00451,Villa Roemi,1,https://image.hkhl.hk/f/1024p0/0x0/ur/sthl/730e7b619df74947dbaeeca34167b751/2025-01/KF_36__0.png
LODGE-00451,Villa Roemi,2,https://lookaside.fbsbx.com/lookaside/crawler/media/?media_id=811461835076278&get_thumbnail=1
LODGE-00451,Villa Roemi,3,https://newsstatic.rthk.hk/images/mfile_1773512_1_M_20241007133910.jpg
LODGE-00451,Villa Roemi,4,https://www.discoverhongkong.com/content/dam/dhk/intl/plan/traveller-info/getting-around/mtr-system-map-1920x1080.jpg
LODGE-00451,Villa Roemi,5,https://fs.mingpao.com/ins/20241007/s00001/f5dc9159ee41e8a46b57c1ed9a4f6fce.jpg
LODGE-00452,Villa Rumah Hijau Syariah,1,https://www.seki-kogyo16.com/60022771/wp-content/uploads/2025/11/image1_9.jpeg
LODGE-00496,Hotel Citere 2 Pangalengan,1,https://www.at-s.com/facilities/featured/popular/images/hamanakoparuparu.jpg
LODGE-00606,Villa Situ Patenggang,1,https://embed.pixiv.net/decorate.php?illust_id=53531894&mdate=1447412710
LODGE-00773,Hotel Pesona Ciwidey,1,https://assets.website-files.com/5d02d5a9b9a7fd0986b99d24/5d85071e7d2f801710ecb2da_482019175826812_Tonto-Ntl-Forest-1400px.jpg
LODGE-00773,Hotel Pesona Ciwidey,2,https://peakvisor.com/photo/Tonto-National-Forest-Arizona.jpg
LODGE-00773,Hotel Pesona Ciwidey,3,https://peakvisor.com/photo/Tonto-National-Forest-Arizona-Flatiron.jpg
LODGE-00773,Hotel Pesona Ciwidey,4,https://c8.alamy.com/comp/2BCJP13/view-of-tonto-national-forest-near-phoenix-arizona-2BCJP13.jpg
LODGE-00773,Hotel Pesona Ciwidey,5,https://c8.alamy.com/comp/BA703P/superstition-mountains-in-tonto-national-forest-arizona-BA703P.jpg
LODGE-00774,Hotel Soreang,1,https://i.pinimg.com/736x/96/93/ce/9693ceaded23fce7504563cb4d0a9b94.jpg
LODGE-00777,OYO 92217 Artana Bed and Breakfast.NearSitu Cileunca,1,https://www.aba-j.or.jp/wp/wp-content/uploads/2021/05/FOMM-ONE.jpg
LODGE-00787,Sutan Raja Hotel and Convention Centre,1,https://images.wear2.jp/coordinate/YMiQYEwg/Kuo37ngq/1719315100_500.jpg
LODGE-00788,The kabayan villa pangalengan (sunrise view),1,https://www.earlyyears.tv/wp-content/uploads/2025/02/Normal-Distribution-Graph-1.png
LODGE-00819,Jayagiri Guesthouse,1,https://cdn.v2ph.co/photos/acLsDb6gu2OrJr4Q.jpg
LODGE-00819,Jayagiri Guesthouse,2,https://i.ytimg.com/vi/r9Q47DeQM7A/maxresdefault.jpg
LODGE-00819,Jayagiri Guesthouse,3,https://cdn.v2ph.co/photos/TyE2Vxek6gOXqMMS.jpg
LODGE-00819,Jayagiri Guesthouse,4,https://instagrammernews.com/image/CcrREHRvJZb
LODGE-00819,Jayagiri Guesthouse,5,https://lookaside.instagram.com/seo/google_widget/crawler/?media_id=3597220205132783469
LODGE-00821,Nur Alam Hotel Lembang,1,https://img.freepik.com/premium-photo/drawing-two-people-working-lab-with-picture-man-woman_1069268-39114.jpg
LODGE-00826,Saung Balibu Hotel,1,https://cdn.topstarnews.net/news/photo/201903/598240_280701_78_org.jpg
LODGE-00830,Family Guest House Lembang RedPartner,1,https://www.earthtrekkers.com/wp-content/uploads/2021/02/Hurricane-Ridge-Hike.jpg.webp
LODGE-00830,Family Guest House Lembang RedPartner,2,https://theplanetd.com/images/Best-Hikes-in-Olympic-National-Park.jpg
LODGE-00830,Family Guest House Lembang RedPartner,3,https://s27363.pcdn.co/wp-content/uploads/2020/07/Klahhane-Trail-Olympic-1129x753.jpg.optimal.jpg
LODGE-00830,Family Guest House Lembang RedPartner,4,https://uprootedtraveler.com/wp-content/uploads/best-hikes-in-olympic-national-park-best-trails-olympic-national-park-2.jpg
LODGE-00830,Family Guest House Lembang RedPartner,5,https://backroadramblers.com/wp-content/uploads/2022/11/summit-mount-storm-king.jpg
LODGE-00853,ARTOTEL Suites Aquila Bandung,1,https://media.istockphoto.com/id/1458194742/photo/four-diverse-and-strong-women-of-different-nationalities-and-body-types-confidently-pose-in.jpg?s=1024x1024&w=is&k=20&c=p-L7mjsF1HtIaR83rhHUM5RMTMnZG-x1fJTYT1nHZbA=
LODGE-00857,Amaris Hotel Cimanuk,1,https://shop.r10s.jp/trybest-biz/cabinet/08072671/imgrc0164287367.jpg
LODGE-00857,Amaris Hotel Cimanuk,2,http://www.trade-sign.com/magazine/wp-content/uploads/2020/10/2336.jpg
LODGE-00857,Amaris Hotel Cimanuk,3,https://board.just-shop.jp/w/img/39/219/item39-219-2.jpg
LODGE-00857,Amaris Hotel Cimanuk,4,https://m.media-amazon.com/images/I/51feGfsbnhL._AC_.jpg
LODGE-00857,Amaris Hotel Cimanuk,5,http://www.trade-sign.com/magazine/wp-content/uploads/2020/10/harepanestand.png
LODGE-00858,Amaris Hotel Setiabudhi Bandung,1,https://southasianherald.com/wp-content/uploads/2024/12/GTogzfHaQAARS3b.jpeg
LODGE-00858,Amaris Hotel Setiabudhi Bandung,2,https://japan-forward.com/wp-content/uploads/2024/07/ASIA-SECURITYQUAD-Kamikawa-Jaishankar-July-29-Tokyo-rs.jpg
LODGE-00858,Amaris Hotel Setiabudhi Bandung,3,https://image.chitra.live/api/v1/wps/5161b9a/53baead4-f9e2-42a0-980b-63c8a7f56f7d/0/ANI-20250701212708-620x420.jpg
LODGE-00858,Amaris Hotel Setiabudhi Bandung,4,https://japan-forward.com/wp-content/uploads/2024/07/20240729-QUAD-006.jpg
LODGE-00858,Amaris Hotel Setiabudhi Bandung,5,https://i.ytimg.com/vi/Fj9n25QU3QQ/maxresdefault.jpg
LODGE-00870,Bantal Guling Guest House Alun-alun Bandung,1,https://static-5.happynest.vn/storage/uploads/2025/01/cach-trang-tri-cau-thang-dip-tet-dep-nha-dam-phong-thuy-ngap-loc-xuan_7.jpg
LODGE-00882,Buminanienie Family Guest House,1,https://stat.ameba.jp/user_images/20200126/22/reireikonkon/e1/6d/j/o1080162014702753615.jpg
LODGE-00883,Casa de Apple Dago Bandung by RedDoorz,1,https://static.vecteezy.com/system/resources/previews/022/613/033/non_2x/google-chrome-icon-logo-symbol-free-png.png
LODGE-00883,Casa de Apple Dago Bandung by RedDoorz,2,https://asset.watch.impress.co.jp/img/ktw/docs/1529/936/Customize_Chrome_Inline_l.gif
LODGE-00883,Casa de Apple Dago Bandung by RedDoorz,3,https://www.how2shout.com/wp-content/uploads/2018/08/2-2.jpg
LODGE-00883,Casa de Apple Dago Bandung by RedDoorz,4,https://mir-s3-cdn-cf.behance.net/project_modules/disp/a1b3d929281659.55eb48515f9c9.png
LODGE-00883,Casa de Apple Dago Bandung by RedDoorz,5,https://9to5google.com/wp-content/uploads/sites/4/2018/04/google-chrome-68-material-design-refresh-2.png?resize=960
LODGE-00884,Cherry Homes Hotel & Residence,1,https://images-wixmp-ed30a86b8c4ca887773594c2.wixmp.com/f/99cc28c8-54c5-418d-88ad-33d177fc7efe/djdaakr-74cb2695-6ee5-46df-ae3e-df2fd463f178.jpg?token=eyJ0eXAiOiJKV1QiLCJhbGciOiJIUzI1NiJ9.eyJzdWIiOiJ1cm46YXBwOjdlMGQxODg5ODIyNjQzNzNhNWYwZDQxNWVhMGQyNmUwIiwiaXNzIjoidXJuOmFwcDo3ZTBkMTg4OTgyMjY0MzczYTVmMGQ0MTVlYTBkMjZlMCIsIm9iaiI6W1t7InBhdGgiOiJcL2ZcLzk5Y2MyOGM4LTU0YzUtNDE4ZC04OGFkLTMzZDE3N2ZjN2VmZVwvZGpkYWFrci03NGNiMjY5NS02ZWU1LTQ2ZGYtYWUzZS1kZjJmZDQ2M2YxNzguanBnIn1dXSwiYXVkIjpbInVybjpzZXJ2aWNlOmZpbGUuZG93bmxvYWQiXX0.f2x_PlIkCvb5gsuk2a3dsmUTAaBFgSfsmFHfr7algkg
LODGE-00884,Cherry Homes Hotel & Residence,2,https://i.pinimg.com/originals/49/b5/ab/49b5abcbd2972414262684795c0c881a.jpg
LODGE-00884,Cherry Homes Hotel & Residence,3,https://i.pinimg.com/originals/1f/0f/41/1f0f41c4784b4b73581e50f4c6069aae.jpg
LODGE-00884,Cherry Homes Hotel & Residence,4,https://i.pinimg.com/originals/6c/b8/d8/6cb8d806b15c5591fd38cce15a5035c3.jpg
LODGE-00884,Cherry Homes Hotel & Residence,5,https://i.pinimg.com/originals/b4/1b/2c/b41b2c67d52390175822cc8e5e38e51c.jpg
LODGE-00886,Cihampelas Hotel 1 - Bandung,1,https://agropasteur.com/wp-content/uploads/2023/09/shirm.jpg
LODGE-00887,Cipaku Garden Hotel,1,https://t.pimg.jp/080/757/299/1/80757299.jpg
LODGE-00895,Cozy Homestay,1,https://nurie-land.com/wp-content/uploads/2025/07/9b0ee70656571606502c0d9d68befca2-1024x724.png
LODGE-00899,Diamond Villa Lembang | Hotel danVilla Murah untuk Rombongan & Keluarga”,1,https://toyota-k.com/wordpress/wp-content/themes/site/images/2023/01/PA011894.jpg
LODGE-00900,El Cavana Hotel,1,https://www.nimbleappgenie.com/blogs/wp-content/uploads/2023/01/1.jpg
LODGE-00906,GH Universal Hotel,1,https://2.bp.blogspot.com/_zMrru98bWEc/TTQKWs0c98I/AAAAAAAAC-4/VeBXRWt5-7A/s1600/Blair-Griffith-1.jpg
LODGE-00906,GH Universal Hotel,2,https://www.pageantupdate.info/wp-content/uploads/Miss-Colorado-USA-2012-•-pageant-album-14.jpg
LODGE-00906,GH Universal Hotel,3,https://www.pageantupdate.info/wp-content/uploads/Miss-Colorado-USA-2011-•-pageant-album-20.jpg
LODGE-00906,GH Universal Hotel,4,https://www.pageantupdate.info/wp-content/uploads/Miss-Colorado-USA-2011-•-pageant-album-16.jpg
LODGE-00906,GH Universal Hotel,5,https://blogger.googleusercontent.com/img/b/R29vZ2xl/AVvXsEht4_0ZYIfr_ppwdGQO3JYouDyH0NmWAGKF7eGkNnnKD_Gd8TaUyLpaZcF8uplddA19iH5x6qYV6THsATbJYcWSG2ZV_02s10UO52ltwM5zPaT-1ULNr7DQP1rbHwWmQB3T9snPMuMfgiM/s1600/topfive.jpg
LODGE-00907,Geary Hotel,1,https://prtimes.jp/i/137/90/origin/be87a061c3a88de22f9433a9ef875b9f.jpg
LODGE-00907,Geary Hotel,2,https://p4.wallpaperbetter.com/wallpaper/747/757/274/michael-jackson-high-resolution-widescreen-wallpaper-preview.jpg
LODGE-00907,Geary Hotel,3,https://yougakumap.com/wp-content/uploads/michael-jackson.jpg
LODGE-00907,Geary Hotel,4,https://band-knowledge.com/wp-content/uploads/2021/11/michael_jackson.jpg
LODGE-00907,Geary Hotel,5,https://facts.net/wp-content/uploads/2023/07/31-facts-about-michael-jackson-1688465572.jpg
LODGE-00908,Gino Feruci Braga Hotel,1,https://www.mitsubishi-motors.com/jp/newsroom/newsrelease/2026/img/20260206_1_02.png
LODGE-00909,Golden Flower Hotel,1,https://koyomi-calendar.com/wp-content/uploads/calendar-pdf-2026-06.png
LODGE-00910,Grand Arjuna Hotel Bandung,1,https://cdn.shopify.com/s/files/1/2106/9265/products/81QICqfJDIL.jpg?v=1615202612
LODGE-00910,Grand Arjuna Hotel Bandung,2,https://cdn.mwave.com.au/images/400/logitech_signature_mk650_wireless_keyboard_mouse_combo_for_business_white_ac58965_45065.jpg
LODGE-00910,Grand Arjuna Hotel Bandung,3,https://www.ndc.co.uk/media/catalog/product/cache/3f9fa13c20827c5a85b5b37421c55530/b/8/b8548n_dell_km5221w_white_german_pro_wireless_keyboard_mouse_combo_bundle.jpg
LODGE-00910,Grand Arjuna Hotel Bandung,4,https://static.vecteezy.com/system/resources/previews/037/146/568/non_2x/white-keyboard-and-mouse-set-wireless-type-for-computer-desktop-or-laptop-on-the-white-background-photo.jpg
LODGE-00910,Grand Arjuna Hotel Bandung,5,https://www.safad.com/wp-content/uploads/2022/07/21C1-HP230-Wireless-Mouse-and-Keyboard-Combination-Snow-White-Wireless-Front-Left-LED-On-scaled.jpg
LODGE-00911,Grand Cordela Hotel Bandung,1,https://static.mercdn.net/item/detail/orig/photos/m74678347935_1.jpg?1742011490
LODGE-00913,Grand Hotel Preanger,1,https://pimg.1px.tw/kuas1022/1593433396-1175934198.jpg
LODGE-00915,Grand Pacific Hotel,1,https://as1.ftcdn.net/jpg/11/08/49/96/1000_F_1108499625_OBA0bdKePMPlnD3xb1UWDVrFj4I8l5Mq.jpg
LODGE-00916,Grand Pasundan Convention Hotel,1,https://i.pinimg.com/originals/22/97/7d/22977d64c9cd1ce9c85ba6844569b1d0.jpg
LODGE-00920,Gumilang Regency Hotel,1,http://getdrawings.com/image/printables-for-kids-drawing-52.jpg
LODGE-00922,HARRIS Hotel & Conventions Festival Citylink Bandung,1,https://gemmed.ghc-j.com/wp-content/uploads/2019/03/スライド36.png
LODGE-00923,HOTEL LOCUS ROOMS,1,https://www.generac.com/globalassets/business/industrial-images/industries/data-centers/datacenter_powerforward_v01.png
LODGE-00925,Hemangini Hotel,1,https://www.mapsofworld.com/maps/world-map.jpg
LODGE-00925,Hemangini Hotel,2,https://www.worldmap1.com/map/world/amp/world_map.jpg
LODGE-00925,Hemangini Hotel,3,http://ontheworldmap.com/world-map.jpg
LODGE-00925,Hemangini Hotel,4,https://wallpapercave.com/wp/wp2753288.jpg
LODGE-00925,Hemangini Hotel,5,https://www.guideoftheworld.com/map/world/amp/world_map_with_countries.jpg
LODGE-00926,Holiday Inn Bandung Pasteur,1,https://mir-s3-cdn-cf.behance.net/project_modules/1400/00c80086743623.6372559f69f63.png
LODGE-00927,Hotel Aston Tropicana Bandung,1,https://thumb.ac-illust.com/7e/7ee976af0b8648281617d8a5f69cd4ce_w.jpeg
LODGE-00927,Hotel Aston Tropicana Bandung,2,https://www.sozailab.jp/db_img/sozai/26618/1e94da15a6fdc9a6816d1fc9875a6edb.png
LODGE-00927,Hotel Aston Tropicana Bandung,3,https://thumb.ac-illust.com/13/13ed680d5bfdb45bf9f835a749bd4e45_t.jpeg
LODGE-00927,Hotel Aston Tropicana Bandung,4,https://thumb.ac-illust.com/6b/6b0fa9b5f69369975d8c9b8e0f407ed9_w.jpg
LODGE-00927,Hotel Aston Tropicana Bandung,5,https://thumb.ac-illust.com/30/305f97c28118fc0e9376098c69004aba_t.jpeg
LODGE-00928,Hotel Bumi Asih Gedung Sate Bandung,1,https://images.justwatch.com/poster/343118599/s166/season-2.jpg
LODGE-00928,Hotel Bumi Asih Gedung Sate Bandung,2,https://images.justwatch.com/poster/336190543/s332/season-2.jpg
LODGE-00928,Hotel Bumi Asih Gedung Sate Bandung,3,https://cdn.myanimelist.net/images/manga/2/306402.jpg
LODGE-00928,Hotel Bumi Asih Gedung Sate Bandung,4,https://images.justwatch.com/poster/343264500/s332/Staffel-9.jpg
LODGE-00928,Hotel Bumi Asih Gedung Sate Bandung,5,https://pic3.iqiyipic.com/image/20250816/1b/e6/a_100630975_m_601_en_m1_260_360.jpg
LODGE-00929,Hotel Crowne Plaza Bandung,1,https://www.clubsearay.com/attachments/teak-stairs-jpg.53031/
LODGE-00930,Hotel Dafam RIO Bandung,1,https://p.novaskin.me/2bh2zuna1xw.png?class=thumbnail
LODGE-00931,Hotel Ersada Braga,1,https://i.kobe-np.co.jp/news/seiban/202505/img/a_19008231.jpg
LODGE-00932,Hotel Frances Cipaganti,1,https://down-sg.img.susercontent.com/file/sg-11134201-22120-v7dv00ndwskv3f
LODGE-00933,Hotel Grand Tebu,1,https://www.lineup-car.com/blog/wp-content/uploads/2013/11/ＭＰＶ燃費03.jpg
LODGE-00934,Hotel Kumala Bandung,1,https://www.beautyofindia.in/wp-content/uploads/2018/10/Funtasia-Waterpark-Patna-1024x576.jpg
LODGE-00935,Hotel Montameri,1,https://i.ytimg.com/vi/Y-EMmMTcwJk/maxresdefault.jpg
LODGE-00936,Hotel Rumah Tawa Syariah,1,https://pic.nximg.cn/file/20250403/26760762_173843481106_2.jpg
LODGE-00937,Hotel Sabang,1,https://www.jrtt.go.jp/construction/asset/221014_imgConstSeibi02.jpg
LODGE-00938,Hotel Santika Pasir Koja,1,https://i.machineryhost.com/1651cf0d2f737d7adeab84d339dbabd3/8726562bf40f97e84fe8f43422c45a57/large-watermarked-used-2019-biesse-techno-fdt.jpg
LODGE-00939,Hotel Santika Pasirkaliki - Bandung,1,https://thumbs.dreamstime.com/z/vector-illustration-life-cycle-butterfly-diagram-vector-illustration-life-cycle-butterfly-diagram-156709716.jpg
LODGE-00942,Hotel Yehezkiel Surapati Mitra RedDoorz,1,https://j.jjj.cam/jav/japanhdv/miku-tamaru/new-step-sister-from-today-miku-tamaru-scene2/miku-tamaru-7.jpg
LODGE-00944,I SLEEP HOTEL BANDUNG,1,https://www.tis.amano.co.jp/assets/img/product/timepro-nx/thumb1.jpg
LODGE-00944,I SLEEP HOTEL BANDUNG,2,https://www.tis.amano.co.jp/assets/img/product/vg-timepro/list59-img1.jpg
LODGE-00944,I SLEEP HOTEL BANDUNG,3,https://www.amano.co.jp/information/images/nxweb_1.jpg
LODGE-00944,I SLEEP HOTEL BANDUNG,4,https://www.tis.amano.co.jp/assets/img/product/timepro-nx/big1.jpg
LODGE-00944,I SLEEP HOTEL BANDUNG,5,https://www.tis.amano.co.jp/assets/img/product/ogp_timepro-nx.png.png
LODGE-00946,Indies Style Hotel Bandung,1,https://www.mmm-ginza.org/boutique/img/190219/img_about01.jpg
LODGE-00948,Kedaton Hotel Bandung,1,https://www.steerlink.co.jp/truckinfo/wp-content/uploads/2023/05/f086ebc962b8aa466241b02e2680cb31-768x357.jpg
LODGE-00957,Marciella Hotel,1,https://static1.topspeedimages.com/wordpress/wp-content/uploads/2023/11/ninja-500-vs-ninja-400.jpg
LODGE-00958,Meize City Center Hotel Bandung,1,https://www.thesevensister.com/blog/wp-content/uploads/2024/10/Dzukou-Valley-Wildlife-Sanctuary.jpg
LODGE-00958,Meize City Center Hotel Bandung,2,https://www.lostwithpurpose.com/wp-content/uploads/2017/06/DSC06878.jpg
LODGE-00958,Meize City Center Hotel Bandung,3,https://i.pinimg.com/originals/99/1c/bd/991cbd1bda62a19ecb803dfdba82eece.jpg
LODGE-00958,Meize City Center Hotel Bandung,4,https://wildhilladventure.com/wp-admin/admin-ajax.php?action=rank_math_overlay_thumb&id=3713&type=play&hash=4e139b3aa8fb390548209e93f6f07946
LODGE-00958,Meize City Center Hotel Bandung,5,https://tripxl.com/blog/wp-content/uploads/2024/09/Pulie-Badze-Wildlife-Sanctuary.jpg
LODGE-00960,Mine Home Hotel by sovia,1,https://1.bp.blogspot.com/-vFQ573y8FMs/X44Iz60_gCI/AAAAAAABE-c/qiR5hSrVX68nRnucv7JTc73-mnmTZ5wJQCLcBGAsYHQ/s16000/advanced-flower-coloring-pages-2-kidspressmagazine-com-abstract-coloring-pages-coloring-pages-flower-pattern-drawing.png
LODGE-00961,Mogens Guest House,1,"https://s.afl.com.au/staticfile/AFL Tenant/AFL/Players/ChampIDImages/AFL/2024014/1023261.png?im=Scale,width=0.672,height=0.672"
LODGE-00966,Noor Hotel,1,https://c.pxhere.com/photos/a0/da/auto_automotive_badge_benz_brand_car_class_classic-1175863.jpg!s
LODGE-00966,Noor Hotel,2,http://www.pngall.com/wp-content/uploads/2016/07/Car-High-Quality-PNG.png
LODGE-00966,Noor Hotel,3,https://2.bp.blogspot.com/-W1kOquVMNno/UrVAFBNGSdI/AAAAAAAAC60/gx-oFgfCN6w/s1600/white+car.jpg
LODGE-00966,Noor Hotel,4,https://1.bp.blogspot.com/-0uEMDjAJEd8/Uj1YCaVxp5I/AAAAAAAAAx4/oNNOMQQWCag/s1600/hd-wallpaper-car-.jpg
LODGE-00966,Noor Hotel,5,http://www.pngall.com/wp-content/uploads/2016/07/Car-PNG.png
LODGE-00968,OYO 196 Horizone Residence,1,https://www.mitsubishi-motors.co.jp/lineup/delica_d5/spec/images/spec_img.png
LODGE-00969,OYO 2625 Pondok Penginapan Patradisa,1,https://www.ootawill.jp/cwp/wp-content/uploads/2022/05/6A8F7C84-6B05-43D6-9BA3-2F0DA1928DA7.jpeg
LODGE-00975,Patra Bandung Hotel,1,https://www.mymypic.net/data/attachment/forum/202112/16/2208516x1a6nn8wxwcctaa.jpg
LODGE-00978,Promenade Hotel Bandung,1,https://ssl.pstatic.net/dicimg/dic-home-service/img/ogtag/02_icon.png
LODGE-00979,RedDoorz @ Arwiga Hotel near RS Hasan Sadikin Bandung,1,https://image.popbela.com/post/20251126/upload_c0ce866f3462a00b667882660cf54647_1c5e49fd-2bac-4177-9b65-448422c16cc8.jpg
LODGE-00980,RedDoorz @ Dago Asri 3,1,https://thumb.ac-illust.com/ee/ee230385b38d5437ee15d76901eb66be_t.jpeg
LODGE-00982,RedDoorz @ Hotel Arimbi Dewi Sartika Baru,1,https://www.arabnews.jp/en/wp-content/uploads/sites/2/2022/01/3-1.png
LODGE-00983,RedDoorz @ Kiaracondong,1,https://static.vecteezy.com/system/resources/previews/022/803/874/non_2x/dry-leaves-group-of-leaves-isolated-on-transparent-background-tropical-dry-leaves-png.png
LODGE-00985,RedDoorz Hostel @ Dago 2,1,https://cdn.techjockey.com/web/assets/images/techjockey/products/25550_DWalllogo.jpg?d=350
LODGE-00986,RedDoorz Plus @ Bagusrangin Street,1,https://datstheband.com/wp-content/uploads/2024/03/00momoe2aaaaaaaa-300x210.jpg
LODGE-00988,RedDoorz Plus @ Cipaganti Street 3,1,https://nammafamilybuilder.com/wp-content/uploads/2025/12/Top-10-Small-House-Designs-With-Budget.webp
LODGE-00989,RedDoorz Plus @ D'San Residence Buah Batu,1,http://asset.smilecat.com/web1/__CM_FILE_DATA/202308/29/19/41915_1693303519264.jpg/41915_1693303519264.jpg
LODGE-00989,RedDoorz Plus @ D'San Residence Buah Batu,2,https://postfiles.pstatic.net/MjAxNzA1MDFfMjY4/MDAxNDkzNjIxMjM2MjY2.mxwl_iIhWGhMgOz2aFwwymzujr2IvPE7K9DHIluDPTkg.jBYlypY3v_xeHQb-PBAuWEL-lzUEr2sAFgSFl3reDVIg.PNG.sky9dyd/대형배너_사이즈.png?type=w2
LODGE-00989,RedDoorz Plus @ D'San Residence Buah Batu,3,http://asset.smilecat.com/web1/__CM_FILE_DATA/202212/20/18/40385_1671528425116.jpg
LODGE-00989,RedDoorz Plus @ D'San Residence Buah Batu,4,https://postfiles.pstatic.net/20150709_287/moade2013_14364213216309rzGF_JPEG/%B9%E8%B3%CA%C0%C7%C1%BE%B7%F9.jpg?type=w1
LODGE-00989,RedDoorz Plus @ D'San Residence Buah Batu,5,http://asset.smilecat.com/web1/__CM_FILE_DATA/202308/11/21/41801_1691758345816.jpg/41801_1691758345816.jpg
LODGE-00990,RedDoorz Plus @ Karapitan Street,1,https://i.ytimg.com/vi/0Pu9ox5yzMg/maxresdefault.jpg
LODGE-00992,RedDoorz Plus near Kampus UPI Setiabudhi,1,https://imakike.jp/wp-content/uploads/2021/01/たわみ01-1024x522.png
LODGE-00994,RedDoorz Plus near Universitas Maranatha Bandung 2,1,https://javhd.pics/photos/tgirljapan/tgirl-cocoa/cocoa-a-go-go/tgirl-cocoa-3.jpg
LODGE-00995,RedDoorz Premium @ HOTEL HEBAT,1,https://www.publicdomainpictures.net/pictures/560000/velka/landleben-mit-familie-1703659838AAe.jpg
LODGE-00995,RedDoorz Premium @ HOTEL HEBAT,2,https://www.publicdomainpictures.net/pictures/560000/velka/landleben-mit-familie-1703659813SCS.jpg
LODGE-00995,RedDoorz Premium @ HOTEL HEBAT,3,https://images.rawpixel.com/image_800/czNmcy1wcml2YXRlL3Jhd3BpeGVsX2ltYWdlcy93ZWJzaXRlX2NvbnRlbnQvbHIvay0xMzUtbmFtZS0yOTkwXzIuanBn.jpg
LODGE-00995,RedDoorz Premium @ HOTEL HEBAT,4,https://www.ryansmithphotography.com/wp-content/uploads/2017/09/rainy-day-family-pictures-2048x1367.jpg
LODGE-00995,RedDoorz Premium @ HOTEL HEBAT,5,https://www.ryansmithphotography.com/wp-content/uploads/2017/09/family-having-fun-walking-down-the-beach-huntington-beach-state-park-2048x1367.jpg
LODGE-00997,RedDoorz Syariah near BTC Fashion Mall,1,http://getwallpapers.com/wallpaper/full/d/6/e/292070.jpg
LODGE-00997,RedDoorz Syariah near BTC Fashion Mall,2,https://wallpapercave.com/wp/wp4876403.jpg
LODGE-00997,RedDoorz Syariah near BTC Fashion Mall,3,https://wallpapercave.com/wp/wp2506840.jpg
LODGE-00997,RedDoorz Syariah near BTC Fashion Mall,4,https://wallpapercave.com/wp/wp2506836.jpg
LODGE-00997,RedDoorz Syariah near BTC Fashion Mall,5,https://wallpaperaccess.com/full/284553.jpg
LODGE-01001,RedDoorz near Farm House 4,1,https://img.aucfree.com/q1061990869.1.jpg
LODGE-01004,RedDoorz near Istana Plaza 2,1,https://ecdn.teacherspayteachers.com/thumbitem/Be-Smart-Be-Safe-Online-Activity-Booklet-13764965-1750343631/large-13764965-1.jpg
LODGE-01006,RedDoorz near Margahayu Raya,1,https://inews.gtimg.com/om_ls/OR_vCLvjcNo_NOAzXKBI0AVfd_1Hs9cYLHHCdtgj5ZJtwAA_640330/0
LODGE-01007,RedDoorz near Metro Bandung,1,https://www.event-marketing.co.jp/wp-content/uploads/2022/12/a05dd1e340a7d67e660c9dba2d681b62.jpg
LODGE-01008,RedDoorz near Parahyangan University,1,https://i.etsystatic.com/46761323/r/il/4aa2ea/5858385261/il_fullxfull.5858385261_mf82.jpg
LODGE-01009,RedDoorz near Paris Van Java,1,https://m.media-amazon.com/images/I/41uwarpFW+L.jpg
LODGE-01010,RedDoorz near Riau Junction Mall 2,1,https://www.inside-games.jp/imgs/zoom/1325738.png
LODGE-01011,RedDoorz near Simpang Dago 2,1,https://img.ranking.net/ogp/best-geinoujin-born-in-1959.jpg
LODGE-01013,RedDoorz near Telkom Corporate University,1,https://illustfree.jp/wp-content/uploads/2019/09/004-06.png
LODGE-01015,RedDoorz near Upi Sersan Bajuri Bandung,1,https://i.pinimg.com/originals/57/09/04/570904df441989765c921fff98cc991b.jpg
LODGE-01015,RedDoorz near Upi Sersan Bajuri Bandung,2,https://c8.alamy.com/comp/2B1GBC1/aerial-view-of-the-tremola-san-gottardo-road-the-longest-road-monument-in-switzerland-listed-in-the-inventory-of-the-historic-swiss-roads-2B1GBC1.jpg
LODGE-01015,RedDoorz near Upi Sersan Bajuri Bandung,3,https://www.luganoregion.com/pictures/infoturistica/verybig4/143102_Gottardo_Tremola.jpg
LODGE-01015,RedDoorz near Upi Sersan Bajuri Bandung,4,https://www.luganoregion.com/pictures/infoturistica/verybig4/137877-b.jpg
LODGE-01015,RedDoorz near Upi Sersan Bajuri Bandung,5,https://www.goodtrekking.it/wp-content/uploads/2017/10/tremola_472482289.jpg
LODGE-01020,Rehat at Hotel 10 Buah Batu,1,https://www.shinmei-techno.co.jp/wp-content/uploads/2023/09/BH6-3.jpg
LODGE-01020,Rehat at Hotel 10 Buah Batu,2,https://hayashimoto.co.jp/edit/wp-content/uploads/2022/01/KSI00549.jpg
LODGE-01020,Rehat at Hotel 10 Buah Batu,3,https://www.mk-suishin.or.jp/newtech/get_image/1108/img_20221104142754_4df036c37091e71f600342955e4f48e5_thum.jpg
LODGE-01020,Rehat at Hotel 10 Buah Batu,4,http://bousaigiken.com/kui.JPG
LODGE-01020,Rehat at Hotel 10 Buah Batu,5,https://sanwa-boring.co.jp/files/libs/170/202204051512561825.jpg?1649139178
LODGE-01025,Rossan Villa Hotel near Kampus UPI Setiabudhi,1,http://www.saplingacademy.in/wp-content/uploads/2024/06/2024_3_37_1-min-e1719111513661-300x282.jpg
LODGE-01027,Rumah Ebo Guesthouse,1,https://scx2.b-cdn.net/gfx/news/hires/2023/researchers-isolate-ke.jpg
LODGE-01029,SUPER OYO 2190 Alamanda 7 Syariah,1,https://media.istockphoto.com/id/1468269034/id/foto/otot-adductor-magnus-pria-tampak-belakang-terisolasi-pada-latar-belakang-putih.jpg?s=1024x1024&w=is&k=20&c=3GZtsDhKmHRTOM8y_VwK228fRP3-mEZSJMp7FZOxd5w=
LODGE-01029,SUPER OYO 2190 Alamanda 7 Syariah,2,https://media.istockphoto.com/id/1468269023/id/foto/otot-adductor-magnus-pria-tampak-depan-diisolasi-dengan-latar-belakang-putih.jpg?s=1024x1024&w=is&k=20&c=A9wsgHNgwnqm0JGKKl5ZbzbjWJW9wJQCBjexa_vtxpo=
LODGE-01029,SUPER OYO 2190 Alamanda 7 Syariah,3,https://media.istockphoto.com/id/1354995035/id/foto/sistem-otot-manusia-otot-kaki-adductor-magnus-anatomi-otot.jpg?s=612x612&w=0&k=20&c=7CsmuePgk3ZcmCzJ5Hm8G2k1llm4y8vE9okSLepaiio=
LODGE-01029,SUPER OYO 2190 Alamanda 7 Syariah,4,https://www.shutterstock.com/shutterstock/photos/2160222285/display_1500/stock-vector-adductor-magnus-muscle-with-ischium-and-femur-skeleton-outline-diagram-labeled-educational-2160222285.jpg
LODGE-01029,SUPER OYO 2190 Alamanda 7 Syariah,5,https://www.rehabmypatient.com/media/uploads/articles/adductor-magnus.jpg
LODGE-01030,SUPER OYO Collection O Hotel Pasar Baru Heritage,1,https://stat.ameba.jp/user_images/20231016/17/kiryuu-kimonogakuinn/84/f9/j/o2822211715351760749.jpg
LODGE-01031,SURIA CITY HOTEL SYARIAH,1,https://mag.moe/wp-content/uploads/2023/05/1685064081_maxresdefault.jpg
LODGE-01031,SURIA CITY HOTEL SYARIAH,2,https://i.ytimg.com/vi/oQg-4o3jujU/maxresdefault.jpg
LODGE-01031,SURIA CITY HOTEL SYARIAH,3,https://cinema.pakkan-blog.com/wp-content/uploads/2018/07/baki-e3.jpg
LODGE-01031,SURIA CITY HOTEL SYARIAH,4,https://img.animatetimes.com/2020/05/5ec49a57bfdce_c51bad34216a523b5ced3e03d4eee1d7.jpg
LODGE-01031,SURIA CITY HOTEL SYARIAH,5,https://i.ytimg.com/vi/bIJPvhJywYg/maxresdefault.jpg
LODGE-01032,Sans Hotel Alexander Bandung,1,https://www.secretprojects.co.uk/data/attachments/143/143009-d259dee34dad4dfe11776e7d78a14594.jpg
LODGE-01036,Sensa Hotel,1,http://media.gadgetsin.com/2014/06/incase_quick_sling_bag_for_ipad_air_1.jpg
LODGE-01036,Sensa Hotel,2,https://gadgetsin.com/uploads/2010/02/ipad_bag_1.jpg
LODGE-01036,Sensa Hotel,3,https://gadgetsin.com/uploads/2012/05/bluelounge_ipad_sling_bag_1.jpg
LODGE-01036,Sensa Hotel,4,https://m.media-amazon.com/images/I/41IEQZNEiUL._AC_.jpg
LODGE-01036,Sensa Hotel,5,http://gadgetsin.com/uploads/2011/09/the_camera_day_pack_dslr_camera_bag_6.jpg
LODGE-01037,Sentra Inn Bandung,1,https://i2.au.reastatic.net/800x600/3b0edd05d9fb02ccd4ceeca03c663609b2a3b29cad15a797925807ccd05bd787/image.jpg
LODGE-01038,Serela Merdeka Hotel,1,https://prtimes.jp/i/87354/1/resize/d87354-1-9641625c5ddb1f3d343e-9.jpg
LODGE-01039,Serela Riau Hotel,1,https://i.ytimg.com/vi/V3-P0x5AaAo/maxresdefault.jpg
LODGE-01040,Shakti Capsule Cihampelas,1,http://www.publicdomainpictures.net/pictures/110000/velka/beautiful-autumn-river-valley.jpg
LODGE-01040,Shakti Capsule Cihampelas,2,https://archive.org/download/Autumn_11012016/36135707-autumn-pictures.jpg
LODGE-01040,Shakti Capsule Cihampelas,3,https://archive.org/download/Autumn_11012016/37907824-autumn-pictures.jpg
LODGE-01040,Shakti Capsule Cihampelas,4,https://pre00.deviantart.net/3e26/th/pre/i/2013/293/e/7/autumn_sunset_by_burtn-d6r538l.jpg
LODGE-01040,Shakti Capsule Cihampelas,5,http://www.publicdomainpictures.net/pictures/220000/velka/autumn-colors-1494681713Gg7.jpg
LODGE-01042,Sukajadi Hotel and Gallery,1,https://ev.iphonemod.net/wp-content/uploads/2023/05/347096140_1214140469271398_4614548350723046007_n-1152x1536.jpg
LODGE-01042,Sukajadi Hotel and Gallery,2,https://ev.iphonemod.net/wp-content/uploads/2023/07/tesla-discuss-volkswagen-nacs-partnership-758x426.jpg
LODGE-01042,Sukajadi Hotel and Gallery,3,https://ev.iphonemod.net/wp-content/uploads/2023/05/ยอดขายรถยนต์เดือน-มี.ค-2023-ทั่วโลก_Cover-758x426.png
LODGE-01042,Sukajadi Hotel and Gallery,4,https://pixnio.com/free-images/2017/08/30/2017-08-30-07-09-07.jpg
LODGE-01042,Sukajadi Hotel and Gallery,5,https://ev.iphonemod.net/wp-content/uploads/2023/06/byd-ev-car-top-sale-in-thailand-six-month-758x426.png
LODGE-01043,Summer Hills Hotel & Villas Bandung,1,https://www.unom.ac.in/image/data/slider/new-banner/New folder/senate.jpg
LODGE-01045,THE V BOUTIQUE HOTEL BANDUNG,1,https://d20ohkaloyme4g.cloudfront.net/img/document_thumbnails/0273e300e42a5982658b508d5ee6d495/thumb_1200_1553.png
LODGE-01045,THE V BOUTIQUE HOTEL BANDUNG,2,https://www.pdffiller.com/preview/30/573/30573350/large.png
LODGE-01045,THE V BOUTIQUE HOTEL BANDUNG,3,https://www.filepino.com/wp-content/uploads/2025/04/COE-.png
LODGE-01045,THE V BOUTIQUE HOTEL BANDUNG,4,https://i.pinimg.com/474x/a6/d6/4d/a6d64de42b935afe94f59dd568e3243c.jpg?nii=t
LODGE-01045,THE V BOUTIQUE HOTEL BANDUNG,5,https://blog.9cv9.com/wp-content/uploads/2023/12/image-59-797x1024.png
LODGE-01052,The Gaia Hotel Bandung,1,https://wallpapercave.com/wp/wp5578379.jpg
LODGE-01053,The Luxton Bandung Hotel,1,https://static.vecteezy.com/system/resources/previews/024/789/877/large_2x/dashboard-ui-statistic-graphs-data-charts-and-diagrams-infographic-template-illustration-vector.jpg
LODGE-01058,The Trans Luxury Hotel,1,https://lookaside.fbsbx.com/lookaside/crawler/media/?media_id=122159551232060455
LODGE-01059,Tibera Hotel,1,https://images.justwatch.com/poster/343118599/s166/season-2.jpg
LODGE-01059,Tibera Hotel,2,https://images.justwatch.com/poster/336190543/s332/season-2.jpg
LODGE-01059,Tibera Hotel,3,https://images.justwatch.com/poster/343264500/s332/Staffel-9.jpg
LODGE-01059,Tibera Hotel,4,https://pic3.iqiyipic.com/image/20250816/1b/e6/a_100630975_m_601_en_m1_260_360.jpg
LODGE-01059,Tibera Hotel,5,https://images.justwatch.com/poster/284513389/s166/puesta-en-marcha.jpg
LODGE-01063,UrbanView Hotel 3m Syariah,1,https://i.pinimg.com/originals/0b/67/ab/0b67ab72e433b0bc7ea0b07bd3beca87.jpg
LODGE-01064,Urbanview Hotel Bartu Moh Toha Bandung by RedDoorz,1,https://www.inditales.com/wp-content/uploads/2018/07/golden-sunset-over-ziro-valley.jpg
LODGE-01065,Urbanview Hotel Grand Malabar Bandung,1,https://images.justwatch.com/poster/343118599/s166/season-2.jpg
LODGE-01065,Urbanview Hotel Grand Malabar Bandung,2,https://images.justwatch.com/poster/336190543/s332/season-2.jpg
LODGE-01065,Urbanview Hotel Grand Malabar Bandung,3,https://images.justwatch.com/poster/343264500/s332/Staffel-9.jpg
LODGE-01065,Urbanview Hotel Grand Malabar Bandung,4,https://pic3.iqiyipic.com/image/20250816/1b/e6/a_100630975_m_601_en_m1_260_360.jpg
LODGE-01065,Urbanview Hotel Grand Malabar Bandung,5,https://images.justwatch.com/poster/284513389/s166/puesta-en-marcha.jpg
LODGE-01066,Urbanview Hotel Kazanan Lembang Bandung,1,https://lookaside.fbsbx.com/lookaside/crawler/media/?media_id=1505932616115985
LODGE-01067,Urbanview Hotel Nakasya Burangrang,1,https://image3.mouthshut.com/images/imagesp/925677456s.jpg
LODGE-01068,Urbanview Hotel One Family Maribaya,1,http://tnk-ko.a.la9.jp/eki/Ueno_fukei/EF65-1007_19850114aw_s1024_I23_Ueno_1004.jpg
LODGE-01069,Urbanview Hotel Pondok Kurnia Cijagra Bandung,1,https://www.techinsurance.com/-/media/industry-and-professions/imagery/professional-service/cost/chart_professional-service-general-liability-by-profession.png?h=1371&iar=0&w=1632&rev=da6a2d139f2f407880b47342bf1997a9
LODGE-01069,Urbanview Hotel Pondok Kurnia Cijagra Bandung,2,https://cdn-res.keymedia.com/cms/images/us/003/0293_638543890732658055.jpeg
LODGE-01069,Urbanview Hotel Pondok Kurnia Cijagra Bandung,3,https://img.datawrapper.de/KAvyr/full.png
LODGE-01069,Urbanview Hotel Pondok Kurnia Cijagra Bandung,4,https://myacis.com/wp-content/uploads/2021/03/Average-Monthly-Costs-of-Small-Business-Insurance.jpg
LODGE-01069,Urbanview Hotel Pondok Kurnia Cijagra Bandung,5,"https://res.cloudinary.com/nimblefins/image/upload/c_limit,dpr_1.0,f_auto,h_1600,q_auto,w_1600/v1/UK/businessinsurance/average_cost_business_insurance_uk"
LODGE-01070,Urbanview Hotel Utari,1,https://farm7.staticflickr.com/6071/6056046883_b317de8584_o_d.jpg
LODGE-01070,Urbanview Hotel Utari,2,https://live.staticflickr.com/5586/14837107396_7a89c16042_b.jpg
LODGE-01070,Urbanview Hotel Utari,3,https://upload.wikimedia.org/wikipedia/commons/thumb/b/be/Coors_field_aerial_1.JPG/330px-Coors_field_aerial_1.JPG
LODGE-01070,Urbanview Hotel Utari,4,https://upload.wikimedia.org/wikipedia/commons/thumb/f/fd/Coors_Field_2015.jpg/520px-Coors_Field_2015.jpg
LODGE-01070,Urbanview Hotel Utari,5,https://live.staticflickr.com/5131/5580432972_7f280973f5.jpg
LODGE-01077,Vi Hotel Bandung,1,https://www.billboard.com/wp-content/uploads/2022/10/youtube-logo-2022-billboard-espagnol-1548.jpg?w=1024
LODGE-01079,Vio Hotel Cihampelas,1,https://allindiaroundup.com/wp-content/uploads/2016/02/sarainodu-teaser-watch-allu-arjuns-sarainodu-movie-teaser-.png
LODGE-01081,Vio Hotel Veteran,1,https://rinrism.com/wp-content/uploads/2018/03/densya.jpg
LODGE-01088,Zodiak Asia Afrika Hotel Bandung,1,https://cdn.skfmediahub.skf.com/api/public/0901d196807ff288/png_highpreview/0901d196807ff288_png_highpreview.png
LODGE-01088,Zodiak Asia Afrika Hotel Bandung,2,https://www.bearingrevolution.co.uk/images/products/208-z_61600_1_1545913097_large.jpg
LODGE-01088,Zodiak Asia Afrika Hotel Bandung,3,https://cdn11.bigcommerce.com/s-03842/images/stencil/1920w/products/56742/374981/PR21678BI21635_208_skf_208_SKF_Deep_Groove_Bearing_40x80x18mm_SZ4__86423.1728641743.jpg?c=2
LODGE-01088,Zodiak Asia Afrika Hotel Bandung,4,https://cdn.skfmediahub.skf.com/api/public/0901d196808e8758/png_highpreview/0901d196808e8758_png_highpreview.png
LODGE-01088,Zodiak Asia Afrika Hotel Bandung,5,https://i.ebayimg.com/images/g/3dQAAOSw5q1nmpoV/s-l960.jpg
LODGE-01111,Bangreng Inn,1,https://lookaside.fbsbx.com/lookaside/crawler/media/?media_id=2185656105084385
LODGE-01118,Cherry Homes Express II Hotel,1,https://item-shopping.c.yimg.jp/i/n/tss_ol251326r
LODGE-01130,Hotel Augusta Surapati Bandung,1,https://brandlogos.net/wp-content/uploads/2023/08/2026-FIFA-World-Cup-logo.png
LODGE-01131,Hotel Augusta Valley,1,https://fc-buddyfight.com/wordpress/wp-content/images/card/S-UBC01/sub_c01_0022.png
LODGE-01131,Hotel Augusta Valley,2,https://www.c-labo-online.jp/data/c-labo/product/WSBcnn01s_034.jpg
LODGE-01131,Hotel Augusta Valley,3,https://www.suruga-ya.jp/database/pics_light/game/gl850098.jpg
LODGE-01131,Hotel Augusta Valley,4,https://animemiru.jp/wp-content/uploads/2018/09/konan-sinniti-04.jpg
LODGE-01131,Hotel Augusta Valley,5,https://static.mercdn.net/item/detail/orig/photos/m21673727006_2.jpg?1682690404
LODGE-01132,Hotel Daily Inn Bandung syariah,1,https://www.scooters4sale.in/pictures/default/yamaha-rayzr-street-rally-125-fi-hybrid/yamaha-rayzr-street-rally-125-fi-hybrid-pic-17.jpg
LODGE-01133,Hotel Doorman Guest House,1,https://www.trawell.in/admin/images/thumbs/12908479Manali_Main_thumb.jpg
LODGE-01134,Hotel O Cihampelas Near Ciwalk Formerly D'River Guest House,1,https://shima-corp.com/labo/wp-content/uploads/2020/10/truck-power-gate.jpg
LODGE-01134,Hotel O Cihampelas Near Ciwalk Formerly D'River Guest House,2,https://www.steerlink.co.jp/truckinfo/wp-content/uploads/2022/08/20220707171124_105520962262c6952c06da8.jpg
LODGE-01134,Hotel O Cihampelas Near Ciwalk Formerly D'River Guest House,3,https://shima-corp.com/labo/wp-content/uploads/2022/05/UD-Trucks-Condor.jpg
LODGE-01134,Hotel O Cihampelas Near Ciwalk Formerly D'River Guest House,4,https://auto-rex.net/uploads/truck/00/00/16/29/66/0000162966.c3ecbc55884e8fdc7803f1e46232cd2691a86aa9.jpg
LODGE-01134,Hotel O Cihampelas Near Ciwalk Formerly D'River Guest House,5,https://www.rent.co.jp/media/wp-content/uploads/2024/10/tail-gate-lifter15.png
LODGE-01135,Hotel Triple Seven Bed & Breakfast,1,https://image.made-in-china.com/2f0j00plwhVnjWwJCg/Galvanized-Steel-Embedded-Plate-and-Anchor-for-Building-Foundation.jpg
LODGE-01136,"INAP at Capsule Hostel Bandung, Grand Asia Afrika",1,https://cdn.zekkei-japan.jp/images/spots/4232a308e3b8fe815f7f84b7e044ff44.jpg
LODGE-01136,"INAP at Capsule Hostel Bandung, Grand Asia Afrika",2,https://thumbs.dreamstime.com/z/blooming-hydrangea-flowers-stone-stairway-meigetsuin-temple-kamakura-japan-280197170.jpg
LODGE-01136,"INAP at Capsule Hostel Bandung, Grand Asia Afrika",3,https://www.ryoko-traveler.com/blog/wp-content/uploads/2016/06/My-mother-was-glad-Meigetsuin-temple-Kita-Kamakura.jpg?v=1677594161
LODGE-01136,"INAP at Capsule Hostel Bandung, Grand Asia Afrika",4,https://image.shutterstock.com/image-photo/hydrangea-meigetsuin-temple-kamakura-japan-600w-1690570519.jpg
LODGE-01136,"INAP at Capsule Hostel Bandung, Grand Asia Afrika",5,https://media.istockphoto.com/id/1795835250/photo/blue-hydrangea-in-meigetsuin-kamakura-city-kanagawa-prefecture-japan-summer-2023.jpg?s=1024x1024&w=is&k=20&c=MOTwdksmt2ZAe4IUGNi3wcI5MSelvnojg7iVGbuOTN4=
LODGE-01137,Jabrix Hotel And Coffee Bar,1,https://www.publicdomainpictures.net/pictures/90000/velka/happy-dog-14012514959u7.jpg
LODGE-01137,Jabrix Hotel And Coffee Bar,2,https://upload.wikimedia.org/wikipedia/commons/thumb/9/99/Brooks_Chase_Ranger_of_Jolly_Dogs_Jack_Russell.jpg/87px-Brooks_Chase_Ranger_of_Jolly_Dogs_Jack_Russell.jpg
LODGE-01137,Jabrix Hotel And Coffee Bar,3,https://upload.wikimedia.org/wikipedia/commons/thumb/7/7a/Huskiesatrest.jpg/98px-Huskiesatrest.jpg
LODGE-01137,Jabrix Hotel And Coffee Bar,4,https://www.publicdomainpictures.net/pictures/100000/velka/dog-1411572353RfI.jpg
LODGE-01137,Jabrix Hotel And Coffee Bar,5,https://p1.pxfuel.com/preview/943/681/275/dog-puppy-pet-outside-royalty-free-thumbnail.jpg
LODGE-01143,Kytos Hotel,1,https://media1.tenor.com/m/FSvDp8jnKsQAAAAC/anime.gif
LODGE-01143,Kytos Hotel,2,https://c.tenor.com/XNvdCr56EwkAAAAC/anime-boobs.gif
LODGE-01143,Kytos Hotel,3,https://media.tenor.com/6SjzkchHBJ0AAAAM/anime-boobs.gif
LODGE-01143,Kytos Hotel,4,"https://images-wixmp-ed30a86b8c4ca887773594c2.wixmp.com/i/1f187e8c-fe6f-4306-b952-f59b84cd8490/dl7v621-a0e87ea5-6e4b-495e-ae8b-ef0f467150b9.jpg/v1/fit/w_375,h_211,q_70,strp/_ai_premium__nano_eiai_grows_inefficiently_by_the_ai_sheriff_dl7v621-375w.jpg"
LODGE-01143,Kytos Hotel,5,https://media.tenor.com/CQzh8SWNXlAAAAAM/hewo-uwu.gif
LODGE-01155,Nindya Biodistrict Hotel,1,https://tokyo-trip.org/wp-content/uploads/2018/03/TK010701.jpg
LODGE-01155,Nindya Biodistrict Hotel,2,https://mag.japaaan.com/wp-content/uploads/2018/03/1280px-Edo-Tokyo_Museum.jpg
LODGE-01155,Nindya Biodistrict Hotel,3,https://abc0120.net/wp-content/uploads/2020/12/1-213.jpg
LODGE-01155,Nindya Biodistrict Hotel,4,https://cdn.zekkei-japan.jp/images/spots/0a6524b36c4bb5e0d1cf9623ec8ac606.jpg
LODGE-01155,Nindya Biodistrict Hotel,5,https://media.timeout.com/images/105454627/image.jpg
LODGE-01157,OYO Flagship 91130 Hotel 99 Lodaya,1,https://i.pinimg.com/originals/81/3a/94/813a948bf4595d9725852df5a5860a42.jpg
LODGE-01162,Peony Guest House,1,https://imgv2-1-f.scribdassets.com/img/document/815395918/original/53c4e65394/1?v=1
LODGE-01173,RedDoorz Plus @ Dago Pojok 3,1,https://www.researchgate.net/publication/366240205/figure/fig1/AS:11431281115078845@1674754827691/Oscillator-topologies-for-galvanic-isolation-class-D-oscillator-a-complementary_Q640.jpg
LODGE-01182,Sany Rosa Hotel Bandung,1,https://stat.ameba.jp/user_images/20220421/20/h-higashi-1525/c1/09/j/o3024302415106275981.jpg?caw=800
LODGE-01182,Sany Rosa Hotel Bandung,2,http://www.marueiseika.co.jp/images/120804.png
LODGE-01182,Sany Rosa Hotel Bandung,3,https://marueiseika.co.jp/images/120880.png
LODGE-01182,Sany Rosa Hotel Bandung,4,http://www.marueiseika.co.jp/images/530795.png
LODGE-01182,Sany Rosa Hotel Bandung,5,https://item-shopping.c.yimg.jp/i/n/tanbaya-honpo_tb-houten_1_d_20241124233325
LODGE-01183,Sartika Hotel,1,https://i1.rgstatic.net/ii/profile.image/557477042765824-1509924292649_Q512/Bumjoon-Kim-2.jpg
LODGE-01185,Serela Waringin Hotel,1,https://badrinath-kedarnath.gov.in/Assets/Images/badrinath.jpg
LODGE-01195,The Naripan Hotel,1,https://blogger.googleusercontent.com/img/b/R29vZ2xl/AVvXsEjQ9VQZdxt2CKhVPfshHs7ICDeqpF3IBCrdwboN9_nJfwX1NQwl1xQoh1RXM8UjYdC4h8FEqg_0zal_ULcEBQTsFzXw0PqlN_WnrYJo9H1XjVnJ1bYzXG1OjJIIXI1I5_FVQ8Qh-8VLeec/s1600/Cara+Membuat+Simbol+Diautocad+5.JPG
LODGE-01195,The Naripan Hotel,2,https://blogger.googleusercontent.com/img/b/R29vZ2xl/AVvXsEhRfCKjSixLGHJZ-KAawOMyBHYEXsT3trmr4lqrf-6KHPGxK3tAWzMEziDVeRpf-HRqs_owb-4uERUK7xoRCuiVrCOTpIIoCkGaU7MVpwYSV1DYKFqmFas0eRNXF-CKVo3t8ksgoyVOdXk/s1600/Cara+Membuat+Simbol+Diautocad+3.jpg
LODGE-01195,The Naripan Hotel,3,https://i.ytimg.com/vi/BEns6eJq8AA/maxresdefault.jpg
LODGE-01195,The Naripan Hotel,4,https://i.ytimg.com/vi/jLboooYOd6I/hqdefault.jpg
LODGE-01195,The Naripan Hotel,5,https://i.ytimg.com/vi/WNxTi8ZGnKw/maxresdefault.jpg
LODGE-01200,Urbanview Hotel Newton Riau Bandung,1,https://i.pinimg.com/originals/62/33/36/623336bf1cbb7dc6959897f1e6790660.jpg
LODGE-01201,Urbanview Hotel Vara Stay @ Soekarno Hatta Bandung by RedDoorz,1,https://i.etsystatic.com/58000902/r/il/2d81e8/6843851704/il_1080xN.6843851704_fil8.jpg
LODGE-01207,Zodiak Kebonjati Hotel Bandung,1,https://img2.beritasatu.com/cache/investor/960x620-3/2024/11/1731370009-1245x627.webp
LODGE-01208,Zodiak Sutami Hotel Bandung,1,https://yuagariart.com/uag/wp/wp-content/uploads/573435b9d77b4d15f570a8541da6ec33.jpg
LODGE-01209,Zoe Guest House Hotel Bandung,1,https://l450v.alamy.com/450v/g36dwa/tondo-shanty-town-by-canal-manila-philippines-g36dwa.jpg
LODGE-01215,ASOKA INN,1,https://static.vecteezy.com/system/resources/previews/003/021/075/non_2x/protective-earth-ground-dc-ac-circuit-power-symbol-sign-free-vector.jpg
LODGE-01216,Amaroossa Hotel Bandung,1,https://www.agcoombs.com.au/wp-content/uploads/2024/04/Portrait-X1.jpg
LODGE-01216,Amaroossa Hotel Bandung,2,https://www.agcoombs.com.au/wp-content/uploads/2022/08/Web_AMCA_AGC_2022_Image_1-1536x768.jpg
LODGE-01216,Amaroossa Hotel Bandung,3,https://www.agcoombs.com.au/wp-content/uploads/2018/12/J5O1947-1024x682.jpg
LODGE-01216,Amaroossa Hotel Bandung,4,https://www.agcoombs.com.au/wp-content/uploads/2025/12/MHP21726-1.jpg
LODGE-01216,Amaroossa Hotel Bandung,5,https://content.api.news/v3/images/bin/8137385ce291c69fec22a907309e33ae
LODGE-01222,Ardan Hotel,1,https://jpnhist.com/wp-content/uploads/2022/02/ce562c4b9096a29a230fe32a5c0d0636-1-1024x1024.jpg
LODGE-01223,Asoka Hotel Bandung,1,https://www.ryutsuu.biz/main/images/2025/10/20251002g2.jpg
LODGE-01229,Blackbird Hotel,1,http://niceillust.com/wp-content/uploads/2018/07/kisetsu7gatsuTanabata01_008.png
LODGE-01230,Bukit Dago Hotel,1,https://blogthumb.pstatic.net/MjAyMjA0MTBfOSAg/MDAxNjQ5NTY0MzM5NTcw.5zTsX2bs5GOsTMuW_DkHABmbg0agjAysJgP966sfxlcg.VO8PLXavFeyJSVYVgH596ax2q4qu-308FUM3qodXFyMg.JPEG.happylife80/%BB纻_-%C1%A6%B8%F1%C0%BB-%C0Է%C2%C7%D8%C1ּ%BC%BF%E4_-001_(54).jpg?type=w2
LODGE-01230,Bukit Dago Hotel,2,https://entertainimg.kbsmedia.co.kr/cms/uploads/BBSIMAGE_20220507221420_7f4049644070df804bea89aaf364f3ed.png
LODGE-01230,Bukit Dago Hotel,3,https://mblogthumb-phinf.pstatic.net/MjAyMjA0MDFfMjY3/MDAxNjQ4NzcxOTIwNDc2.Oet3SxjYFjrE9CdbRzTUt_Pwgm7Op3g9tU4iOzFSYFsg.QzR46xgQ-V3iC5ZBvr1taFGqSbQARTwRm3HOpruGedwg.JPEG.kittyr4/b519db87808ec6f8dd553c5eafdd49b9e481ae99ef81864d230b7af272eac790de0a71f61957fc3006979b7c26c058cd404dda13118bb8e871246a6ac083445235951a073f2330822ceb1e6ddd4a6de414f7fef9cb110a65927b2fae08b20ce55df76aea36ca7dd3085e4a9ba0d26912.jpg?type=w800
LODGE-01230,Bukit Dago Hotel,4,https://newsimg.sedaily.com/2022/09/19/26B4U6GT4S_1.jpg
LODGE-01230,Bukit Dago Hotel,5,https://cdn.spotvnews.co.kr/news/photo/202204/514144_718904_2335.jpg
LODGE-01242,Daarul Jannah Cottage,1,https://tagembed.com/blog/wp-content/uploads/2024/11/How-to-Setup-an-Instagram-Business-Account.png
LODGE-01242,Daarul Jannah Cottage,2,https://sleekflow.io/_next/image?url=https:%2F%2Fimages.ctfassets.net%2Ftu2uwzoyozk8%2F1eRePAuDMAsVyeS6WbIohb%2F06c19492c04c406c04783aaf9fa8d9a5%2FInstagram_Business.png&w=3840&q=75
LODGE-01242,Daarul Jannah Cottage,3,https://f.hubspotusercontent10.net/hubfs/4947369/Professional dashboard.png
LODGE-01242,Daarul Jannah Cottage,4,https://www.shoponcloud.com/images/site-specific/blog/instagram-business-account.jpg
LODGE-01242,Daarul Jannah Cottage,5,https://pcfcdn.kommo.com/blog/images/4-reasons-to-use-instagram-for-business1@2x.png
LODGE-01244,Dago's Hill Hotel,1,https://www.damanwoo.com/files/imagecache/og_image/icext/4b1e6fe1be158887ad894e0888ef4861.jpg
LODGE-01250,Gandasari Hotel,1,https://m.media-amazon.com/images/I/61fAwNn5nEL.jpg
LODGE-01252,Grand Sovia Hotel,1,https://img.restaurantguru.com/ced7-Restaurant-Wanon-Niwat-dishes-5.jpg
LODGE-01262,Hotel Astria Graha,1,https://i.redd.it/f77yce8321g51.jpg
LODGE-01262,Hotel Astria Graha,2,https://www.trueachievements.com/customimages/038748.jpg
LODGE-01262,Hotel Astria Graha,3,https://i.pinimg.com/originals/ed/5d/f0/ed5df0c1bfdd465ad748ea730c348802.png
LODGE-01262,Hotel Astria Graha,4,https://pre00.deviantart.net/00d6/th/pre/f/2015/082/2/b/dmc4_vergil_by_britt601-d8mur4e.jpg
LODGE-01262,Hotel Astria Graha,5,https://i.redd.it/v4cfnf8321g51.jpg
LODGE-01263,Hotel California Bandung,1,http://wolf-photo.daa.jp/wp-content/uploads/2018/05/20180407h-174.jpg
LODGE-01265,Hotel Eve,1,https://vignette.wikia.nocookie.net/stormchasers/images/2/2b/Dom-09-01.jpg/revision/latest?cb=20110103111908
LODGE-01265,Hotel Eve,2,https://styles.redditmedia.com/t5_4p9lu5/styles/communityIcon_x1ld3cgrev871.jpg?format=pjpg&s=a4509cd003cf64eb52a8746d452e218acfc3fd0d
LODGE-01265,Hotel Eve,3,https://i.ytimg.com/vi/Ls8jqaQ8dTY/maxresdefault.jpg?sqp=-oaymwEmCIAKENAF8quKqQMa8AEB-AH-CYAC0AWKAgwIABABGGggaChoMA8=&amp;rs=AOn4CLC8Ign-T5NXkBMp9_GFVOWl-4uR9A
LODGE-01265,Hotel Eve,4,https://upload.wikimedia.org/wikipedia/commons/thumb/7/7e/SRV_Dominator_crop.jpg/300px-SRV_Dominator_crop.jpg
LODGE-01265,Hotel Eve,5,https://c8.alamy.com/comp/2XK66RM/the-dominator-and-dominator-2-left-modified-and-fortified-vehicles-used-to-chase-and-study-storms-and-tornadoes-parked-in-oklahoma-city-2XK66RM.jpg
LODGE-01266,Hotel Guntur Bandung,1,https://i.ytimg.com/vi/gRYCXY1NfIU/maxresdefault.jpg
LODGE-01268,Hotel Lingga,1,https://www.shutterstock.com/shutterstock/photos/2240801729/display_1500/stock-vector-trigonometry-table-to-degree-sin-cos-tan-cot-sec-and-cosec-of-angles-scientific-vector-2240801729.jpg
LODGE-01268,Hotel Lingga,2,https://thirdspacelearning.com/wp-content/uploads/2023/04/Trigonometry-Table-image-1-1024x419.png
LODGE-01268,Hotel Lingga,3,https://st.adda247.com/https://www.adda247.com/jobs/wp-content/uploads/sites/2/2023/08/04105951/trigonometry-table.jpg
LODGE-01268,Hotel Lingga,4,https://i.pinimg.com/originals/0c/f8/d6/0cf8d6bc5f8096c7cd9419b347a0ce79.png
LODGE-01268,Hotel Lingga,5,https://d138zd1ktt9iqe.cloudfront.net/media/seo_landing_files/usha-a-sin-cos-tan-07-1606473808.png
LODGE-01272,Hotel Victory,1,https://khoinguonsangtao.vn/wp-content/uploads/2022/08/cach-ve-chibi-nu-toc-dai.jpg
LODGE-01272,Hotel Victory,2,https://khoinguonsangtao.vn/wp-content/uploads/2022/08/cach-ve-chibi-nu-deo-kinh.jpg
LODGE-01272,Hotel Victory,3,https://topkid.eduall.vn/wp-content/uploads/2026/02/cach-ve-chibi.jpg
LODGE-01272,Hotel Victory,4,https://tapto.edu.vn/upload/2026/02/chibi-samurai10.webp
LODGE-01272,Hotel Victory,5,https://yeuvanhoc.edu.vn/upload/2025/05/hinh-anh-chibi-nam-cute16.webp
LODGE-01273,Hyper Inn Hotel Paskal Bandung,1,https://images.squarespace-cdn.com/content/v1/637201e16501192012056882/016b6163-17b1-466b-9c7b-db9bc6b0026f/Chowgule+Shipyard2.jpg
LODGE-01273,Hyper Inn Hotel Paskal Bandung,2,https://chowgulelavgan.com/wp-content/uploads/2023/10/who-we-are-1.jpg
LODGE-01273,Hyper Inn Hotel Paskal Bandung,3,https://bharatneeti.com/wp-content/uploads/2025/07/PIC115DVHZ.jpeg
LODGE-01273,Hyper Inn Hotel Paskal Bandung,4,https://chowgulelavgan.com/wp-content/uploads/2024/08/chowghule.jpeg
LODGE-01273,Hyper Inn Hotel Paskal Bandung,5,https://www.constructionworld.in/assets/uploads/5487b273e5135aa1c642e34259db4b8f.jpg
LODGE-01274,Idea's Hotel 2,1,https://debug.pi.gr/BookimagesEn/02020.jpg
LODGE-01275,Ivory Hotel Bandung,1,https://i.pinimg.com/originals/22/a6/2f/22a62f4f62216f195a6932a9067f280e.jpg
LODGE-01275,Ivory Hotel Bandung,2,https://i.pinimg.com/originals/73/57/ca/7357ca280d741909e58abd4054602fe6.jpg
LODGE-01275,Ivory Hotel Bandung,3,https://www.proceduresconsult.jp/jp/UploadedImages/pcj_0499_00007384_104000_large_26022014150235.png
LODGE-01275,Ivory Hotel Bandung,4,https://www.asahi-net.or.jp/~mf4n-nmr/sing/2b1-larynx_R.jpg
LODGE-01275,Ivory Hotel Bandung,5,https://img.kango-roo.com/upload/images/scio/kaibo-seiri/76-98/z4-4.png
LODGE-01293,Palais Dago Hotel,1,https://i.ytimg.com/vi/s4b_e__YQkk/maxresdefault.jpg
LODGE-01295,Pension Guesthouse,1,https://ak8.picdn.net/shutterstock/videos/1047214708/thumb/1.jpg
LODGE-01295,Pension Guesthouse,2,https://www.publicdomainpictures.net/pictures/660000/velka/regenwetter-1735464500iMT.jpg
LODGE-01295,Pension Guesthouse,3,https://2.bp.blogspot.com/-Jm627jDG2uk/UFcjvIsQrSI/AAAAAAAAAF8/3eeM-qxPM6A/s1600/527865_468279349868951_1235098055_n.jpg
LODGE-01295,Pension Guesthouse,4,https://live.staticflickr.com/5088/5251726215_b8dbd097d4.jpg
LODGE-01295,Pension Guesthouse,5,https://1.bp.blogspot.com/-gGdN1UiPTII/XP5CAcGKEgI/AAAAAAAAIu8/IwkBiX7ukvkV4nH_P5fGbgqCyZciVdaIQCLcBGAs/s320/Rainy%2BSeason%2BFrog%2B2.jpg
LODGE-01303,RedDoorz @ Buah Batu 2,1,https://www.holidaygogogo.com/wp-content/uploads/2020/09/tioman-article-copyright-free-26.png
LODGE-01303,RedDoorz @ Buah Batu 2,2,https://livingnomads.com/wp-content/uploads/2017/12/27/snorkeling-tioman-malaysia.jpg
LODGE-01303,RedDoorz @ Buah Batu 2,3,https://3.bp.blogspot.com/-omjx19Vi0q4/VI5rKfnAj2I/AAAAAAAAFdY/i7-IztBqhUM/s1600/PB011206.JPG
LODGE-01303,RedDoorz @ Buah Batu 2,4,https://3.bp.blogspot.com/-D-P2XXWWiD0/Ws5AhkzUzlI/AAAAAAAAAAc/9eOElE6188o6dDHKKy03Kwh3QBTnTkt-ACLcBGAs/w1200-h630-p-k-no-nu/Pulau-Tioman-snorkelling.jpg
LODGE-01303,RedDoorz @ Buah Batu 2,5,"https://res.klook.com/image/upload/fl_lossy.progressive,q_85/c_fill,w_1000/v1647012090/blog/ofhrgb4ejcatet5yyz7l.jpg"
LODGE-01304,RedDoorz @ Cikutra 3,1,https://cdn-knowledge-assets.nurse-senka.jp/wp-content/uploads/2023/05/17171025/3154c25a6e537da38d92630d473c4b45.png
LODGE-01305,RedDoorz Plus @ Doorman Guest House,1,https://storage.enuri.info/pic_upload/knowbox/mobile_img/202308/2023081512331227676.png
LODGE-01306,RedDoorz Plus near Asia Afrika 3,1,https://imgv2-1-f.scribdassets.com/img/document/803358405/original/ad2368d6ad/1?v=1
LODGE-01306,RedDoorz Plus near Asia Afrika 3,2,https://i.pinimg.com/736x/90/c3/06/90c306f40b4d6449416bf4cd15c21fd8.jpg
LODGE-01306,RedDoorz Plus near Asia Afrika 3,3,https://cdn.kibrispdr.org/data/1063/download-buku-belajar-membaca-anak-sd-kelas-1-21.png
LODGE-01306,RedDoorz Plus near Asia Afrika 3,4,https://www.yupiland.com/assets/images/blog/buku ayo belajar membaca aiueo.jpg
LODGE-01306,RedDoorz Plus near Asia Afrika 3,5,https://cdn.kibrispdr.org/data/1007/buku-belajar-membaca-anak-sd-kelas-1-4.webp
LODGE-01307,RedDoorz Plus near Isola UPI,1,https://solomons.gov.sb/wp-content/uploads/2025/01/473597190_1310765736773095_5596827572466438286_n.jpg
LODGE-01328,Travello Hotel Bandung,1,https://dynamic-image.yesky.com/1200x-/uploadImages/2022/129/48/2J4A3Q8SCSY3.png
LODGE-01333,Villa Lantera Bandung - Rumah Pelita & Rumah Lampion,1,https://jp.misumi-ec.com/linked/vitem/mech/SMC1/221300461100/img/221300461100_jh_w03.jpg
LODGE-01335,Abadi Asri Hotel,1,https://image.ytn.co.kr/general/jpg/2016/0725/201607251750112569_d.jpg
LODGE-01336,Airy Cicendo Otten 6 Bandung,1,http://www.shingu.ac.kr/attach/namo/images/000030/20190924140111539_DE1CJ3J0.png
LODGE-01346,Citarum Hotel,1,https://games.kidzsearch.com/computer/thumbs/kidzsearch9fg-snake-lite-ks121714-234841-img.png
LODGE-01346,Citarum Hotel,2,https://i.ytimg.com/vi/_UZWIMpW2Ac/maxresdefault.jpg
LODGE-01346,Citarum Hotel,3,https://snake-game.io/data/image/snakelogo.png
LODGE-01346,Citarum Hotel,4,https://i.ytimg.com/vi/HvbNfhAek8g/maxresdefault.jpg
LODGE-01346,Citarum Hotel,5,https://i.ytimg.com/vi/yNUwElTVCMA/maxresdefault.jpg
LODGE-01350,De Halimun Guest House,1,https://thumb.ac-illust.com/ac/acc928bb43927fcf5cb83c7f5f3bd754_t.jpeg
LODGE-01354,FOX HARRIS Hotel City Center,1,https://i.ytimg.com/vi/-kzajfJskXo/oar2.jpg?sqp=-oaymwEkCJUDENAFSFqQAgHyq4qpAxMIARUAAAAAJQAAyEI9AICiQ3gB&rs=AOn4CLA2s0FapaA0XwsvCE7KgJZrpGQomw
LODGE-01357,G10 Guest House,1,https://sg1-cdn.pgimgs.com/projectnet-project/149055/ZPPHO.126853400.R800X800.jpg
LODGE-01358,Ghotic Hotel,1,https://static.vecteezy.com/system/resources/previews/015/323/886/original/colorful-happy-birthday-background-with-balloons-and-confetti-suitable-for-greeting-card-poster-social-media-post-etc-illustration-vector.jpg
LODGE-01366,Hotel Bandung Permai,1,https://blogger.googleusercontent.com/img/b/R29vZ2xl/AVvXsEj-RvS0DVXxJ-2jlTh_AZ801JSoSnKJFRKqLQcFHD1WRRAF0LNGZNSWOOPb3904Ho-i3iR5Xr9-yH7LUS7y2mYmCDSbfZbDh0VOopYKH3KZyfz0jfa9_ww253n0jt453fHaRtxeHFr3WEQaApdt7pQ5fzG2Lc4Bapav6R_6mG-nPf3s5eOQ4J_rAchjX6vD/s3346/rameswaram temple.jpg
LODGE-01367,Hotel Corsica,1,http://i-s-c-group.com/wp/wp-content/uploads/2016/09/risk_101.jpg
LODGE-01368,Hotel Setiabudhi Indah,1,https://www.carscoops.com/wp-content/uploads/2020/05/Chevrolet-Suburban-Z71-1-1.jpg
LODGE-01368,Hotel Setiabudhi Indah,2,https://gmauthority.com/blog/wp-content/gallery/2021-chevrolet-suburban/2021-chevrolet-suburban-z71-on-road-june-2020-exterior-003.jpg
LODGE-01368,Hotel Setiabudhi Indah,3,https://cdn.motor1.com/images/mgl/PpqRK/s1/2021-suburban-z71.jpg
LODGE-01368,Hotel Setiabudhi Indah,4,https://tfltruck.com/wp-content/uploads/2020/05/2021-chevy-suburban-z71-red.jpeg
LODGE-01368,Hotel Setiabudhi Indah,5,https://i.ytimg.com/vi/OKBIzuWkzcY/maxresdefault.jpg
LODGE-01369,Idea's Hotel,1,https://k8schoollessons.com/img/parts-of-a-flower/Sepals.jpg
LODGE-01371,Jaksa Guest House Bandung,1,https://static.vecteezy.com/system/resources/thumbnails/002/738/623/small_2x/wildlife-conservation-day-wild-animals-to-the-home-or-wildlife-protection-photo.jpg
LODGE-01373,Kuldesak Villa,1,https://thumbs.dreamstime.com/z/wednesday-cartoon-text-hand-drawn-colored-whimsical-special-occasion-expression-reads-43719925.jpg
LODGE-01374,La Nostalgie Boutique Hotel Bandung,1,https://png.pngtree.com/png-clipart/20221019/original/pngtree-important-png-image_8704034.png
LODGE-01374,La Nostalgie Boutique Hotel Bandung,2,https://as2.ftcdn.net/v2/jpg/02/47/27/49/1000_F_247274932_yAL4e58BvUWXebscUtn6DJ7hCqpoMEDA.jpg
LODGE-01374,La Nostalgie Boutique Hotel Bandung,3,https://cdn.textstudio.com/text-effect/88/f5ab2/Important.png
LODGE-01374,La Nostalgie Boutique Hotel Bandung,4,https://static.vecteezy.com/system/resources/previews/050/703/509/large_2x/megaphone-label-set-with-text-important-announcement-important-announcement-announcement-banner-png.png
LODGE-01374,La Nostalgie Boutique Hotel Bandung,5,https://static.vecteezy.com/system/resources/previews/050/703/502/non_2x/megaphone-label-set-with-text-important-announcement-important-announcement-announcement-banner-png.png
LODGE-01375,Mahitala Villa,1,https://postfiles.pstatic.net/MjAyNTA3MjlfMjkg/MDAxNzUzODAwNjk5MDIw.6T0NWGxqcdxAT1R6VNR9t1lx9JRdsUzzWwPoVWTvChYg.3lzL0Pb7Qs4MG9lziJWUbDX1b2J3j50w4S2I4hwbF3wg.PNG/2025-mbn-서울마라톤_(5).png?type=w966
LODGE-01384,OBC Guest House Bandung,1,https://cdn-ak.f.st-hatena.com/images/fotolife/y/yuinomi/20260425/20260425064139.png
LODGE-01385,OYO 1444 Patradissa Stasiun Bandung Hotel,1,https://64.media.tumblr.com/74831292fbaaf0055e5f67a02901cced/7008f90ea23cb3d8-4e/s1280x1920/0a391377fdc5921e9afbcc2e1527fbd1ad283ab7.jpg
LODGE-01385,OYO 1444 Patradissa Stasiun Bandung Hotel,2,https://64.media.tumblr.com/13e4dbe37cd21f676488f4f982dbe45e/7008f90ea23cb3d8-38/s640x960/fc525d056faf9631c4d9c85cc73fe2cc65667f7c.jpg
LODGE-01385,OYO 1444 Patradissa Stasiun Bandung Hotel,3,https://i.pinimg.com/originals/c1/c2/41/c1c241c4da3426cd948cfb3ab9bb87a1.jpg
LODGE-01385,OYO 1444 Patradissa Stasiun Bandung Hotel,4,https://64.media.tumblr.com/0b5557ce0f156186e730ddf58346e2e0/7008f90ea23cb3d8-a7/s640x960/11a1a2048b0208823caaca5e3f58fdd4bc9729de.jpg
LODGE-01385,OYO 1444 Patradissa Stasiun Bandung Hotel,5,https://i.pinimg.com/736x/8e/56/37/8e5637c3b93baca44a142332b1faca00.jpg
LODGE-01387,Palagan Joglo Boutique Guest House,1,https://img.peta2.jp/img/upload/th/1938000-1939000/1938098/co_2246_1_org.jpg?sel=1709610209
LODGE-01390,Poin Phila Hotel,1,https://toyamacastle.net/toyama/images/shinjyou04.jpg
LODGE-01392,RedDoorz Plus @ Point Phila Cihampelas,1,https://static.wikia.nocookie.net/8966bfea-acaa-4c00-a848-889fd92c55c6
LODGE-01397,Selaras Guest House & Restaurant,1,https://imgd.aeplcdn.com/642x361/n/cw/ec/222970/tiago-ev-exterior-right-front-three-quarter.jpeg?isig=0&q=80
LODGE-01405,Unique Guesthouse,1,https://www.travel.taipei/image/123800/1024x768
LODGE-01407,Wisma Dago Hotel,1,https://thetv.jp/i/nw/1128286/11586457.jpg?w=1284
LODGE-01407,Wisma Dago Hotel,2,https://mono-log.jp/archives/img/2021/01/210104a.jpg
LODGE-01407,Wisma Dago Hotel,3,https://www.starwarsblog.jp/wp-content/uploads/2020/01/b2078acfa53350481e3034948470f447.jpeg
LODGE-01407,Wisma Dago Hotel,4,https://tamashiiweb.com/images/item/item_0000014462_krJp2Va1_101.jpg
LODGE-01407,Wisma Dago Hotel,5,https://auctions.c.yimg.jp/images.auctions.yahoo.co.jp/image/dr000/auc0411/users/8145271dd6773be81b27856df8d75331b1e43aa0/i-img1200x840-1701126100uvucw62786299.jpg
LODGE-01411,dPalma Hotel,1,https://pbs.twimg.com/media/FbpxmqKVQAAcRv_?format=jpg&name=large
LODGE-01411,dPalma Hotel,2,https://pbs.twimg.com/media/FdQyNoaagAcCmXv?format=jpg&name=large
LODGE-01411,dPalma Hotel,3,https://pbs.twimg.com/media/FbpxgcQVsAAaBFH?format=jpg&name=large
LODGE-01411,dPalma Hotel,4,https://pbs.twimg.com/media/FbpyIhIUUAEb1DD?format=jpg&name=large
LODGE-01411,dPalma Hotel,5,https://pbs.twimg.com/media/Fbpx4AtVsAEqcd7.jpg:large
LODGE-01413,Airy Eco Cicendo,1,https://pic.baike.soso.com/ugc/baikepic2/27136/cut-20180820113119-1520557243_jpg_2609_1740_587654.jpg/1284
LODGE-01451,Guest House Mallea,1,https://5.imimg.com/data5/SELLER/Default/2025/2/487754705/MM/WE/UW/239853217/tap-100-tapentadol-hydrochloride-tablets-1000x1000.jpeg
LODGE-01465,Mr A Hotel,1,https://www.vdm.ford.com/content/dam/brand_ford/en_us/brand/performance/mobile/_F2A0980_V3_4x3.jpg/jcr:content/renditions/cq5dam.web.768.768.jpeg
LODGE-01466,OYO 1740 Tekmira Residence Supratman Syariah,1,https://stat.ameba.jp/user_images/20220619/23/super-kbhs/04/bf/j/o1080148215135463169.jpg
LODGE-01467,OYO Life 3143 Blessing Bed And Breakfast,1,https://response.jp/imgs/p/mSBHZs93KjT34JZkZm4W_4RJWEBBQkNERUZH/2011132.jpg
LODGE-01468,OYO Life 92685 Kost Arimbi,1,http://www.edu.pref.kagoshima.jp/sh/kokubu/docs/2022112200039/file_contents/7.jpg
LODGE-01471,RedDoorz @ Lombok,1,https://i2.kknews.cc/N6gLb0KWDN3AAoTAwvpcnzFiXCXxt5-p3qSbu8c/0.jpg
LODGE-01472,RedDoorz @ Natuna,1,https://ella.janitorai.com/bot-avatars/IwAuTAMUC1Yd51Qylokhl.webp?width=1200
LODGE-01473,RedDoorz @ Paskal Hyper Square,1,https://i.pinimg.com/736x/56/32/26/56322603f3f95b66ee993abc193b7c94.jpg
LODGE-01474,RedDoorz Syariah @ Sultana Guest House,1,https://www.investopedia.com/thmb/CcUiIoXJac8-i1_52cCNDDah1bk=/3274x0/filters:no_upscale():max_bytes(150000):strip_icc()/dotdash_Final_The_Normal_Distribution_Table_Explained_Jan_2020-03-a2be281ebc644022bc14327364532aed.jpg
LODGE-01481,Sans Vibes Surapati Konforta Hotel,1,https://ijppr.humanjournals.com/wp-content/uploads/2023/01/29.png
LODGE-01501,Urbanview Daily Guest House Pasteur Bandung,1,http://www1.clovernet.ne.jp/ama-chintai-aichi/top-info.jpg
LODGE-01514,Airy Braga Lembong 21 Bandung,1,https://item-shopping.c.yimg.jp/i/n/sanrio_n-2604-788481
LODGE-01515,Airy Gasibu Aria Jipang 6 Bandung,1,https://img-ik.cars.co.za/ik-seo/carsimages/tr:n-search_result400x300/10026286/2025-Toyota-Land-Cruiser-79-28-GD-6-Single-Cab.jpg?v=3783813091
LODGE-01520,Arsallya Hotel,1,https://cdn.snsimg.carview.co.jp/minkara/photo/000/003/090/481/3090481/p8.jpg?ct=3cb8aa1c75f0
LODGE-01532,D'Sovia Hotel Bandung,1,https://i2.wp.com/www.thespruce.com/thmb/iW7doDM3OuF8SdPm92UrvGRdeIY=/1500x0/filters:no_upscale():max_bytes(150000):strip_icc()/close-up-man-hands-soldering-audio-cable-with-xlr-connector-1078041206-472dd1f03b084f2b9ab373c9dff8080e.jpg?strip=all
LODGE-01534,Emia Hotel,1,https://images.justwatch.com/poster/343118599/s166/season-2.jpg
LODGE-01534,Emia Hotel,2,https://images.justwatch.com/poster/336190543/s332/season-2.jpg
LODGE-01534,Emia Hotel,3,https://images.justwatch.com/poster/343264500/s332/Staffel-9.jpg
LODGE-01534,Emia Hotel,4,https://pic3.iqiyipic.com/image/20250816/1b/e6/a_100630975_m_601_en_m1_260_360.jpg
LODGE-01534,Emia Hotel,5,https://m.media-amazon.com/images/I/818oM6QpF6L.__AC_SX300_SY300_QL70_ML2_.jpg
LODGE-01536,Hotel Butik Sawunggaling,1,https://tshop.r10s.jp/shinobiya/cabinet/touken_u_new/taitoinfo.jpg
LODGE-01537,Hotel Flores Gallery,1,https://d20ohkaloyme4g.cloudfront.net/img/document_thumbnails/1c5ae1b114ff5582890d9dff974e7171/thumb_1200_1553.png
LODGE-01538,Hotel Mitra Mutiara Inn,1,https://www.lumina.com.ph/assets/news-and-blogs-photos/Lets-Discover-the-Charm-of-Cavite-11-Must-visit-Tourist-Destinations/Lets-Discover-the-Charm-of-Cavite-11-Must-visit-Tourist-Destinations-min.jpg
LODGE-01539,Hotel RedDoorz Malabar 39,1,https://filebroker-cdn.lazada.co.th/kf/S3b86ddcfb4324fdb8f434eec618be911L.jpg
LODGE-01539,Hotel RedDoorz Malabar 39,2,https://cdn.ennxo.com/uploads/products/640/4e81711b62c941f190491f048ceb460e.jpg
LODGE-01539,Hotel RedDoorz Malabar 39,3,https://img.lazcdn.com/g/p/8a07ccae9ef793cd3ba1a0d1216c0e34.jpg_720x720q80.jpg
LODGE-01539,Hotel RedDoorz Malabar 39,4,https://cf.shopee.co.th/file/9be02f0dd841227bce9823c13e876202
LODGE-01539,Hotel RedDoorz Malabar 39,5,https://cf.shopee.co.th/file/c04eac33a632500a359c511d120f8238
LODGE-01540,Hotel Sepuluh Candrawulan @ Guest House,1,https://file2.bobaedream.co.kr/pds/CyberCar/2/732422/img_732422_2.jpg
LODGE-01545,Populair Hostel Braga,1,https://i2.hdslb.com/bfs/face/52fbb43e6a011046cae8f1c4e9478804aa42352c.jpg
LODGE-01547,RedDoorz Plus Near BIP,1,http://jasf.org/rosenzu/line.png
LODGE-01559,Airy Asia Afrika Pangarang 24 Bandung,1,https://thumb.photo-ac.com/a6/a6f4c17a4386f76a8465627bec2244a2_w.jpeg
LODGE-01565,FAJAR GUESTHOUSE,1,https://weldinganswers.com/wp-content/uploads/2023/10/Pressure-Vessel-Formulas-for-Head-and-Shell-Thickness.png
LODGE-01568,Guest House Rumah Tawa 2,1,https://teclock.co.jp/bluetooth/common/img/top/main_image_en.png
LODGE-01571,Hotel Bali Indah,1,https://www.ns-kenzai.co.jp/image/d1/bolt/unibolt-02.png
LODGE-01571,Hotel Bali Indah,2,https://jfe-kenzai.co.jp/sbp-data/media/2023/01/products-05-04corrugated-steel_main03.jpg
LODGE-01571,Hotel Bali Indah,3,https://jfe-kenzai.co.jp/sbp-data/media/2023/07/products-05-04corrugated-steel_spec-04.png
LODGE-01571,Hotel Bali Indah,4,https://jfe-kenzai.co.jp/sbp-data/media/2023/01/products-05-04corrugated-steel_main02.jpg
LODGE-01571,Hotel Bali Indah,5,https://jfe-kenzai.co.jp/sbp-data/media/2023/07/products-05-04corrugated-steel_spec-18.png
LODGE-01574,Karang Setra Hotel & Cottages,1,https://images.chinatimes.com/newsphoto/2022-06-02/656/20220602004796.jpg
LODGE-01574,Karang Setra Hotel & Cottages,2,https://images.chinatimes.com/newsphoto/2017-09-24/656/BE0200_P_02_02.jpg
LODGE-01574,Karang Setra Hotel & Cottages,3,https://blogger.googleusercontent.com/img/b/R29vZ2xl/AVvXsEhnxmeKBoow6Dp0f38nAzbjU7sx3XkzcYSp2qm4CgGzCkDm6DLCKUPt-fURJaWLHMTXEMKA-qiTiV8h2kj2njIbbEqlsLfBTT1Ee8wgZtDC4zcC9k72DnOHmIhWf2EQ46kTiodhV91tGIdyKxmvsHA5XnVOZOVBLyAIX-O6SaJuXizjh1fpGc93owvdsw/w680/私下愛看警匪片的方語昕，很期待可以演出警察角色，她也感謝劇組讓她圓夢。圖／TVBS.JPG
LODGE-01574,Karang Setra Hotel & Cottages,4,https://i.ytimg.com/vi/zhuh01iZ6Hk/maxresdefault.jpg
LODGE-01574,Karang Setra Hotel & Cottages,5,https://img.ltn.com.tw/Upload/ent/page/800/2019/03/18/phptRqZqn.jpg
LODGE-01577,My Hotel,1,https://rockinon.com/images/entry/width:750/88459/1
LODGE-01582,Rumah Nenekoe Guest House,1,https://i.pinimg.com/originals/b5/96/e3/b596e3dd33c1f726d81efa0b8559c107.jpg
LODGE-01586,The Bougenvile Hotel,1,https://thumb.ac-illust.com/7c/7c58054e2a98d73a10b198d47cf642b6_w.jpeg
LODGE-01591,Villa Radja House Cipaku Indah Guesthouse di Bandung,1,https://niceillust.com/wp-content/uploads/2022/05/lotus_005-300x300.png
LODGE-01594,Zatarana Guest House Syariah,1,https://static-ca-cdn.eporner.com/gallery/IX/R5/rikJxO5R5IX/289691-lana-kendrick-nude.jpg
LODGE-01596,Capital O 3270 Hotel Arimbi Baru Dewi Sartika,1,https://advancedweldingsupplies.com/cdn/shop/files/f-tech-armur-armotech-cantilever-mobile-welding-fume-extractor-2.jpg?v=1723567236&width=4096
LODGE-01599,Little Duck Villa,1,https://kr.misumi-ec.com/linked/vitem/mech/HKL1/221006388864/img/221006388864_ZZ_001.jpg
LODGE-01600,OYO 173 Asoka Hotel,1,https://wallpapercave.com/wp/wp3466190.jpg
LODGE-01600,OYO 173 Asoka Hotel,2,https://wallpaperaccess.com/full/1238364.jpg
LODGE-01600,OYO 173 Asoka Hotel,3,https://wallpapertag.com/wallpaper/full/9/d/6/967917-full-hd-flowers-wallpapers-1920x1080-image.jpg
LODGE-01600,OYO 173 Asoka Hotel,4,https://wallpapershome.com/images/wallpapers/flowers-3840x2160-blue-pink-26068.jpg
LODGE-01600,OYO 173 Asoka Hotel,5,https://webneel.com/wallpaper/sites/default/files/images/01-2018/5-beautiful-hd-flower-wallpaper.jpg
LODGE-01607,Ahadiat Hotel & Bungalow,1,https://zumen-bank.com/wp-content/uploads/2025/12/checksheet-10-tenken-final.jpg
LODGE-01609,Cottage Syariah GS Rumah Kayu,1,https://i.ytimg.com/vi/I792Kexi7Co/maxresdefault.jpg
LODGE-01614,Holiday Inn Express Bandung Braga by IHG,1,https://lookaside.fbsbx.com/lookaside/crawler/media/?media_id=8850878908311671
LODGE-01614,Holiday Inn Express Bandung Braga by IHG,2,https://i.ytimg.com/vi/aqQOxkPK6VU/maxresdefault.jpg
LODGE-01614,Holiday Inn Express Bandung Braga by IHG,3,https://cf.bstatic.com/xdata/images/hotel/max1024x768/583880384.jpg?k=5a86bec0f65568bf896e92acea8d077c8810ef4579e2916030d1f196ab74d163&o=&hp=1
LODGE-01614,Holiday Inn Express Bandung Braga by IHG,4,https://i.ytimg.com/vi/rGFGQQBluio/maxresdefault.jpg
LODGE-01614,Holiday Inn Express Bandung Braga by IHG,5,https://lookaside.instagram.com/seo/google_widget/crawler/?media_id=3651907404514422084
LODGE-01617,Indigo Hotel Bandung,1,"https://image.gcores.com/3a5a4b4c-78cb-4334-8d65-bef6eaf23ca2.png?x-oss-process=image/resize,limit_1,m_mfit,w_2000/quality,q_90/format,webp/bright,-20"
LODGE-01618,InterContinental Hotel Dago Pakar Bandung,1,https://media.glassdoor.com/lst/c3/76/ba/dc/journey-of-10-years-with-analytix.jpg
LODGE-01619,Namin Hotel - Bandung,1,http://stat.ameba.jp/user_images/20120923/19/eigajikou/fd/b1/j/o0550077812202660071.jpg
LODGE-01620,Novena Hotel,1,https://rare-gallery.com/uploads/posts/1004527-illustration-anime-anime-girls-brunette-screenshot-computer-wallpaper-mangaka.jpg
LODGE-01622,RedDoorz dekat Universitas Korporat Telkom,1,https://s.yimg.com/ny/api/res/1.2/zSYpdU1tMDJi1vpaZbOBJA--/YXBwaWQ9aGlnaGxhbmRlcjt3PTEyMDA7aD02NzU-/https://media.zenfs.com/en/travel_noire_articles_954/5d061040a76efe5bbecb71e652be5a1c
LODGE-01623,Sheraton Bandung Hotel & Towers,1,https://static1.srcdn.com/wordpress/wp-content/uploads/2021/01/harry-potter-feature-image.jpg
LODGE-01623,Sheraton Bandung Hotel & Towers,2,https://i.kym-cdn.com/photos/images/original/001/928/864/8a8.jpg
LODGE-01623,Sheraton Bandung Hotel & Towers,3,https://i.pinimg.com/originals/22/be/45/22be457710b3dcbb4d25f241e13ac710.jpg
LODGE-01623,Sheraton Bandung Hotel & Towers,4,https://static1.srcdn.com/wordpress/wp-content/uploads/2021/02/Draco-Harry-meme-6.v1.jpg
LODGE-01623,Sheraton Bandung Hotel & Towers,5,https://i.pinimg.com/originals/e4/cd/44/e4cd443a7b60cc74ce87011c443f40f8.jpg
LODGE-01632,Kost Flores,1,https://elegantswiss.com/cdn/shop/files/1_3737ea83-d3e3-495d-826a-e62f56a3e092.jpg?v=1698954483
LODGE-01634,My Family Guest House,1,https://newsmatomedia.com/wp-content/uploads/o0480048012335454377.jpg
LODGE-01635,Nuansa Villa S-09A,1,https://imgv2-2-f.scribdassets.com/img/document/671965196/original/7c06fdf9aa/1716804797?v=1
